{"button":{"runcode":"Ejecutar","hints":"Pistas","startover":"Reiniciar","continue":"Continuar","submitanswer":"Enviar respuesta","previoustopic":"Tema anterior","nexttopic":"Siguiente tema","questionsubmit":"Enviar respuesta","questiontryagain":"Intentar de nuevo"},"text":{"startover":"Empezar de nuevo","areyousure":"¿Estás segure que querés reiniciar? (se perderá todo el progreso)","youmustcomplete":"Tienes que completar","exercise":"el ejercicio","exercise_plural":"los ejercicios","inthissection":"en esta sección antes de continuar"}}
