--------------------------------------------------------
-- Archivo creado  - viernes-septiembre-09-2022   
--------------------------------------------------------
--------------------------------------------------------
--  DDL for Table CALENDARIO_CURSOS
--------------------------------------------------------

  CREATE TABLE "CALENDARIO_CURSOS" 
   (	"ID_CALENDARIO" NUMBER(*,0), 
	"DIA" VARCHAR2(45 BYTE), 
	"HORA_INICIO" VARCHAR2(45 BYTE), 
	"HORA_FIN" VARCHAR2(45 BYTE), 
	"CUPO" NUMBER(*,0), 
	"ID_CURSO" NUMBER(*,0), 
	"ID_SALON" NUMBER(*,0), 
	"ID_PROFESOR" NUMBER(*,0)
   ) SEGMENT CREATION IMMEDIATE 
  PCTFREE 10 PCTUSED 40 INITRANS 1 MAXTRANS 255 
 NOCOMPRESS LOGGING
  STORAGE(INITIAL 65536 NEXT 1048576 MINEXTENTS 1 MAXEXTENTS 2147483645
  PCTINCREASE 0 FREELISTS 1 FREELIST GROUPS 1
  BUFFER_POOL DEFAULT FLASH_CACHE DEFAULT CELL_FLASH_CACHE DEFAULT)
  TABLESPACE "USERS" ;
--------------------------------------------------------
--  DDL for Table CARRERAS
--------------------------------------------------------

  CREATE TABLE "CARRERAS" 
   (	"ID_CARRERA" NUMBER(*,0), 
	"NOMBRE" VARCHAR2(45 BYTE), 
	"ID_FACULTAD" NUMBER(*,0)
   ) SEGMENT CREATION IMMEDIATE 
  PCTFREE 10 PCTUSED 40 INITRANS 1 MAXTRANS 255 
 NOCOMPRESS LOGGING
  STORAGE(INITIAL 65536 NEXT 1048576 MINEXTENTS 1 MAXEXTENTS 2147483645
  PCTINCREASE 0 FREELISTS 1 FREELIST GROUPS 1
  BUFFER_POOL DEFAULT FLASH_CACHE DEFAULT CELL_FLASH_CACHE DEFAULT)
  TABLESPACE "USERS" ;
--------------------------------------------------------
--  DDL for Table CARRERAS_ESTUDIANTES
--------------------------------------------------------

  CREATE TABLE "CARRERAS_ESTUDIANTES" 
   (	"ID_CARRERA" NUMBER(*,0), 
	"ID_USUARIO" NUMBER(*,0)
   ) SEGMENT CREATION IMMEDIATE 
  PCTFREE 10 PCTUSED 40 INITRANS 1 MAXTRANS 255 
 NOCOMPRESS LOGGING
  STORAGE(INITIAL 65536 NEXT 1048576 MINEXTENTS 1 MAXEXTENTS 2147483645
  PCTINCREASE 0 FREELISTS 1 FREELIST GROUPS 1
  BUFFER_POOL DEFAULT FLASH_CACHE DEFAULT CELL_FLASH_CACHE DEFAULT)
  TABLESPACE "USERS" ;
--------------------------------------------------------
--  DDL for Table CURSOS
--------------------------------------------------------

  CREATE TABLE "CURSOS" 
   (	"ID_CURSO" NUMBER(*,0), 
	"NOMBRE" VARCHAR2(45 BYTE), 
	"ID_FACULTAD" NUMBER(*,0)
   ) SEGMENT CREATION IMMEDIATE 
  PCTFREE 10 PCTUSED 40 INITRANS 1 MAXTRANS 255 
 NOCOMPRESS LOGGING
  STORAGE(INITIAL 65536 NEXT 1048576 MINEXTENTS 1 MAXEXTENTS 2147483645
  PCTINCREASE 0 FREELISTS 1 FREELIST GROUPS 1
  BUFFER_POOL DEFAULT FLASH_CACHE DEFAULT CELL_FLASH_CACHE DEFAULT)
  TABLESPACE "USERS" ;
--------------------------------------------------------
--  DDL for Table CURSOS_CARRERAS
--------------------------------------------------------

  CREATE TABLE "CURSOS_CARRERAS" 
   (	"ID_CURSO" NUMBER(*,0), 
	"ID_CARRERA" NUMBER(*,0), 
	"SEMESTRE" NUMBER(*,0)
   ) SEGMENT CREATION IMMEDIATE 
  PCTFREE 10 PCTUSED 40 INITRANS 1 MAXTRANS 255 
 NOCOMPRESS LOGGING
  STORAGE(INITIAL 65536 NEXT 1048576 MINEXTENTS 1 MAXEXTENTS 2147483645
  PCTINCREASE 0 FREELISTS 1 FREELIST GROUPS 1
  BUFFER_POOL DEFAULT FLASH_CACHE DEFAULT CELL_FLASH_CACHE DEFAULT)
  TABLESPACE "USERS" ;
--------------------------------------------------------
--  DDL for Table CURSOS_ESTUDIANTES
--------------------------------------------------------

  CREATE TABLE "CURSOS_ESTUDIANTES" 
   (	"ID_CALENDARIO" NUMBER(*,0), 
	"ID_USUARIO" NUMBER(*,0)
   ) SEGMENT CREATION IMMEDIATE 
  PCTFREE 10 PCTUSED 40 INITRANS 1 MAXTRANS 255 
 NOCOMPRESS LOGGING
  STORAGE(INITIAL 65536 NEXT 1048576 MINEXTENTS 1 MAXEXTENTS 2147483645
  PCTINCREASE 0 FREELISTS 1 FREELIST GROUPS 1
  BUFFER_POOL DEFAULT FLASH_CACHE DEFAULT CELL_FLASH_CACHE DEFAULT)
  TABLESPACE "USERS" ;
--------------------------------------------------------
--  DDL for Table EDIFICIOS
--------------------------------------------------------

  CREATE TABLE "EDIFICIOS" 
   (	"ID_EDIFICIO" NUMBER(*,0), 
	"NOMBRE" VARCHAR2(45 BYTE)
   ) SEGMENT CREATION IMMEDIATE 
  PCTFREE 10 PCTUSED 40 INITRANS 1 MAXTRANS 255 
 NOCOMPRESS LOGGING
  STORAGE(INITIAL 65536 NEXT 1048576 MINEXTENTS 1 MAXEXTENTS 2147483645
  PCTINCREASE 0 FREELISTS 1 FREELIST GROUPS 1
  BUFFER_POOL DEFAULT FLASH_CACHE DEFAULT CELL_FLASH_CACHE DEFAULT)
  TABLESPACE "USERS" ;
--------------------------------------------------------
--  DDL for Table FACULTADES
--------------------------------------------------------

  CREATE TABLE "FACULTADES" 
   (	"ID_FACULTAD" NUMBER(*,0), 
	"NOMBRE" VARCHAR2(45 BYTE)
   ) SEGMENT CREATION IMMEDIATE 
  PCTFREE 10 PCTUSED 40 INITRANS 1 MAXTRANS 255 
 NOCOMPRESS LOGGING
  STORAGE(INITIAL 65536 NEXT 1048576 MINEXTENTS 1 MAXEXTENTS 2147483645
  PCTINCREASE 0 FREELISTS 1 FREELIST GROUPS 1
  BUFFER_POOL DEFAULT FLASH_CACHE DEFAULT CELL_FLASH_CACHE DEFAULT)
  TABLESPACE "USERS" ;
--------------------------------------------------------
--  DDL for Table ROLES
--------------------------------------------------------

  CREATE TABLE "ROLES" 
   (	"ID_ROL" NUMBER(*,0), 
	"NOMBRE" VARCHAR2(45 BYTE)
   ) SEGMENT CREATION IMMEDIATE 
  PCTFREE 10 PCTUSED 40 INITRANS 1 MAXTRANS 255 
 NOCOMPRESS LOGGING
  STORAGE(INITIAL 65536 NEXT 1048576 MINEXTENTS 1 MAXEXTENTS 2147483645
  PCTINCREASE 0 FREELISTS 1 FREELIST GROUPS 1
  BUFFER_POOL DEFAULT FLASH_CACHE DEFAULT CELL_FLASH_CACHE DEFAULT)
  TABLESPACE "USERS" ;
--------------------------------------------------------
--  DDL for Table SALONES
--------------------------------------------------------

  CREATE TABLE "SALONES" 
   (	"ID_SALON" NUMBER(*,0), 
	"NOMBRE" VARCHAR2(45 BYTE), 
	"ID_EDIFICIO" NUMBER(*,0)
   ) SEGMENT CREATION IMMEDIATE 
  PCTFREE 10 PCTUSED 40 INITRANS 1 MAXTRANS 255 
 NOCOMPRESS LOGGING
  STORAGE(INITIAL 65536 NEXT 1048576 MINEXTENTS 1 MAXEXTENTS 2147483645
  PCTINCREASE 0 FREELISTS 1 FREELIST GROUPS 1
  BUFFER_POOL DEFAULT FLASH_CACHE DEFAULT CELL_FLASH_CACHE DEFAULT)
  TABLESPACE "USERS" ;
--------------------------------------------------------
--  DDL for Table USUARIOS
--------------------------------------------------------

  CREATE TABLE "USUARIOS" 
   (	"ID_USUARIO" NUMBER(*,0), 
	"NOMBRE" VARCHAR2(45 BYTE), 
	"APELLIDO" VARCHAR2(45 BYTE), 
	"SEMESTRE" NUMBER(*,0), 
	"ID_ROL" NUMBER(*,0)
   ) SEGMENT CREATION IMMEDIATE 
  PCTFREE 10 PCTUSED 40 INITRANS 1 MAXTRANS 255 
 NOCOMPRESS LOGGING
  STORAGE(INITIAL 65536 NEXT 1048576 MINEXTENTS 1 MAXEXTENTS 2147483645
  PCTINCREASE 0 FREELISTS 1 FREELIST GROUPS 1
  BUFFER_POOL DEFAULT FLASH_CACHE DEFAULT CELL_FLASH_CACHE DEFAULT)
  TABLESPACE "USERS" ;
REM INSERTING into CALENDARIO_CURSOS
SET DEFINE OFF;
Insert into CALENDARIO_CURSOS (ID_CALENDARIO,DIA,HORA_INICIO,HORA_FIN,CUPO,ID_CURSO,ID_SALON,ID_PROFESOR) values ('1','Martes','08:00 AM','10:00 AM','30','1','10','1');
Insert into CALENDARIO_CURSOS (ID_CALENDARIO,DIA,HORA_INICIO,HORA_FIN,CUPO,ID_CURSO,ID_SALON,ID_PROFESOR) values ('2','Jueves','08:00 AM','10:00 AM','30','1','10','1');
Insert into CALENDARIO_CURSOS (ID_CALENDARIO,DIA,HORA_INICIO,HORA_FIN,CUPO,ID_CURSO,ID_SALON,ID_PROFESOR) values ('3','Martes','10:00 AM','12:00 PM','30','3','36','1');
Insert into CALENDARIO_CURSOS (ID_CALENDARIO,DIA,HORA_INICIO,HORA_FIN,CUPO,ID_CURSO,ID_SALON,ID_PROFESOR) values ('4','Jueves','10:00 AM','12:00 PM','30','3','36','1');
Insert into CALENDARIO_CURSOS (ID_CALENDARIO,DIA,HORA_INICIO,HORA_FIN,CUPO,ID_CURSO,ID_SALON,ID_PROFESOR) values ('5','Lunes','04:00 PM','06:00 PM','30','4','36','1');
Insert into CALENDARIO_CURSOS (ID_CALENDARIO,DIA,HORA_INICIO,HORA_FIN,CUPO,ID_CURSO,ID_SALON,ID_PROFESOR) values ('6','Miércoles','04:00 PM','06:00 PM','30','4','36','1');
Insert into CALENDARIO_CURSOS (ID_CALENDARIO,DIA,HORA_INICIO,HORA_FIN,CUPO,ID_CURSO,ID_SALON,ID_PROFESOR) values ('7','Martes','02:00 PM','05:00 PM','20','26','2','1');
Insert into CALENDARIO_CURSOS (ID_CALENDARIO,DIA,HORA_INICIO,HORA_FIN,CUPO,ID_CURSO,ID_SALON,ID_PROFESOR) values ('8','Viernes','02:00 PM','05:00 PM','20','26','2','1');
Insert into CALENDARIO_CURSOS (ID_CALENDARIO,DIA,HORA_INICIO,HORA_FIN,CUPO,ID_CURSO,ID_SALON,ID_PROFESOR) values ('9','Miércoles','02:00 PM','04:00 PM','30','6','8','2');
Insert into CALENDARIO_CURSOS (ID_CALENDARIO,DIA,HORA_INICIO,HORA_FIN,CUPO,ID_CURSO,ID_SALON,ID_PROFESOR) values ('10','Viernes','02:00 PM','04:00 PM','30','6','8','2');
Insert into CALENDARIO_CURSOS (ID_CALENDARIO,DIA,HORA_INICIO,HORA_FIN,CUPO,ID_CURSO,ID_SALON,ID_PROFESOR) values ('11','Lunes','04:00 PM','06:00 PM','30','10','18','2');
Insert into CALENDARIO_CURSOS (ID_CALENDARIO,DIA,HORA_INICIO,HORA_FIN,CUPO,ID_CURSO,ID_SALON,ID_PROFESOR) values ('12','Viernes','04:00 PM','06:00 PM','30','10','18','2');
Insert into CALENDARIO_CURSOS (ID_CALENDARIO,DIA,HORA_INICIO,HORA_FIN,CUPO,ID_CURSO,ID_SALON,ID_PROFESOR) values ('13','Martes','08:00 AM','10:00 AM','30','44','17','2');
Insert into CALENDARIO_CURSOS (ID_CALENDARIO,DIA,HORA_INICIO,HORA_FIN,CUPO,ID_CURSO,ID_SALON,ID_PROFESOR) values ('14','Jueves','08:00 AM','10:00 AM','30','44','17','2');
Insert into CALENDARIO_CURSOS (ID_CALENDARIO,DIA,HORA_INICIO,HORA_FIN,CUPO,ID_CURSO,ID_SALON,ID_PROFESOR) values ('15','Martes','10:00 AM','12:00 PM','30','45','19','2');
Insert into CALENDARIO_CURSOS (ID_CALENDARIO,DIA,HORA_INICIO,HORA_FIN,CUPO,ID_CURSO,ID_SALON,ID_PROFESOR) values ('16','Jueves','10:00 AM','12:00 PM','30','45','19','2');
Insert into CALENDARIO_CURSOS (ID_CALENDARIO,DIA,HORA_INICIO,HORA_FIN,CUPO,ID_CURSO,ID_SALON,ID_PROFESOR) values ('17','Miércoles','04:00 PM','06:00 PM','20','49','20','3');
Insert into CALENDARIO_CURSOS (ID_CALENDARIO,DIA,HORA_INICIO,HORA_FIN,CUPO,ID_CURSO,ID_SALON,ID_PROFESOR) values ('18','Viernes','04:00 PM','06:00 PM','20','49','20','3');
Insert into CALENDARIO_CURSOS (ID_CALENDARIO,DIA,HORA_INICIO,HORA_FIN,CUPO,ID_CURSO,ID_SALON,ID_PROFESOR) values ('19','Lunes','08:00 AM','10:00 AM','20','50','7','3');
Insert into CALENDARIO_CURSOS (ID_CALENDARIO,DIA,HORA_INICIO,HORA_FIN,CUPO,ID_CURSO,ID_SALON,ID_PROFESOR) values ('20','Miércoles','08:00 AM','10:00 AM','20','50','7','3');
Insert into CALENDARIO_CURSOS (ID_CALENDARIO,DIA,HORA_INICIO,HORA_FIN,CUPO,ID_CURSO,ID_SALON,ID_PROFESOR) values ('21','Jueves','06:00 PM','09:00 PM','20','52','8','3');
Insert into CALENDARIO_CURSOS (ID_CALENDARIO,DIA,HORA_INICIO,HORA_FIN,CUPO,ID_CURSO,ID_SALON,ID_PROFESOR) values ('22','Miércoles','08:00 AM','10:00 AM','20','67','33','3');
Insert into CALENDARIO_CURSOS (ID_CALENDARIO,DIA,HORA_INICIO,HORA_FIN,CUPO,ID_CURSO,ID_SALON,ID_PROFESOR) values ('23','Martes','10:00 AM','12:00 PM','20','47','21','4');
Insert into CALENDARIO_CURSOS (ID_CALENDARIO,DIA,HORA_INICIO,HORA_FIN,CUPO,ID_CURSO,ID_SALON,ID_PROFESOR) values ('24','Jueves','10:00 AM','12:00 PM','20','47','21','4');
Insert into CALENDARIO_CURSOS (ID_CALENDARIO,DIA,HORA_INICIO,HORA_FIN,CUPO,ID_CURSO,ID_SALON,ID_PROFESOR) values ('25','Martes','02:00 PM','04:00 PM','20','48','13','4');
Insert into CALENDARIO_CURSOS (ID_CALENDARIO,DIA,HORA_INICIO,HORA_FIN,CUPO,ID_CURSO,ID_SALON,ID_PROFESOR) values ('26','Jueves','02:00 PM','04:00 PM','20','48','13','4');
Insert into CALENDARIO_CURSOS (ID_CALENDARIO,DIA,HORA_INICIO,HORA_FIN,CUPO,ID_CURSO,ID_SALON,ID_PROFESOR) values ('27','Lunes','02:00 PM','04:00 PM','15','53','14','4');
Insert into CALENDARIO_CURSOS (ID_CALENDARIO,DIA,HORA_INICIO,HORA_FIN,CUPO,ID_CURSO,ID_SALON,ID_PROFESOR) values ('28','Miércoles','02:00 PM','04:00 PM','15','53','14','4');
Insert into CALENDARIO_CURSOS (ID_CALENDARIO,DIA,HORA_INICIO,HORA_FIN,CUPO,ID_CURSO,ID_SALON,ID_PROFESOR) values ('29','Viernes','08:00 AM','10:00 AM','30','67','39','4');
Insert into CALENDARIO_CURSOS (ID_CALENDARIO,DIA,HORA_INICIO,HORA_FIN,CUPO,ID_CURSO,ID_SALON,ID_PROFESOR) values ('30','Viernes','02:00 PM','04:00 PM','15','71','30','4');
Insert into CALENDARIO_CURSOS (ID_CALENDARIO,DIA,HORA_INICIO,HORA_FIN,CUPO,ID_CURSO,ID_SALON,ID_PROFESOR) values ('31','Lunes','10:00 AM','12:00 PM','30','57','32','5');
Insert into CALENDARIO_CURSOS (ID_CALENDARIO,DIA,HORA_INICIO,HORA_FIN,CUPO,ID_CURSO,ID_SALON,ID_PROFESOR) values ('32','Lunes','02:00 PM','04:00 PM','20','58','38','5');
Insert into CALENDARIO_CURSOS (ID_CALENDARIO,DIA,HORA_INICIO,HORA_FIN,CUPO,ID_CURSO,ID_SALON,ID_PROFESOR) values ('33','Martes','08:00 AM','10:00 AM','20','65','38','5');
Insert into CALENDARIO_CURSOS (ID_CALENDARIO,DIA,HORA_INICIO,HORA_FIN,CUPO,ID_CURSO,ID_SALON,ID_PROFESOR) values ('34','Viernes','06:00 PM','09:00 PM','20','66','15','5');
Insert into CALENDARIO_CURSOS (ID_CALENDARIO,DIA,HORA_INICIO,HORA_FIN,CUPO,ID_CURSO,ID_SALON,ID_PROFESOR) values ('35','Lunes','02:00 PM','04:00 PM','30','28','14','6');
Insert into CALENDARIO_CURSOS (ID_CALENDARIO,DIA,HORA_INICIO,HORA_FIN,CUPO,ID_CURSO,ID_SALON,ID_PROFESOR) values ('36','Miércoles','02:00 PM','04:00 PM','30','28','14','6');
Insert into CALENDARIO_CURSOS (ID_CALENDARIO,DIA,HORA_INICIO,HORA_FIN,CUPO,ID_CURSO,ID_SALON,ID_PROFESOR) values ('37','Viernes','02:00 PM','04:00 PM','30','28','14','6');
Insert into CALENDARIO_CURSOS (ID_CALENDARIO,DIA,HORA_INICIO,HORA_FIN,CUPO,ID_CURSO,ID_SALON,ID_PROFESOR) values ('38','Lunes','08:00 AM','10:00 AM','30','30','14','6');
Insert into CALENDARIO_CURSOS (ID_CALENDARIO,DIA,HORA_INICIO,HORA_FIN,CUPO,ID_CURSO,ID_SALON,ID_PROFESOR) values ('39','Miércoles','08:00 AM','10:00 AM','30','30','14','6');
Insert into CALENDARIO_CURSOS (ID_CALENDARIO,DIA,HORA_INICIO,HORA_FIN,CUPO,ID_CURSO,ID_SALON,ID_PROFESOR) values ('40','Viernes','08:00 AM','10:00 AM','30','30','14','6');
Insert into CALENDARIO_CURSOS (ID_CALENDARIO,DIA,HORA_INICIO,HORA_FIN,CUPO,ID_CURSO,ID_SALON,ID_PROFESOR) values ('41','Lunes','10:00 AM','12:00 PM','30','33','9','6');
Insert into CALENDARIO_CURSOS (ID_CALENDARIO,DIA,HORA_INICIO,HORA_FIN,CUPO,ID_CURSO,ID_SALON,ID_PROFESOR) values ('42','Miércoles','10:00 AM','12:00 PM','30','33','9','6');
Insert into CALENDARIO_CURSOS (ID_CALENDARIO,DIA,HORA_INICIO,HORA_FIN,CUPO,ID_CURSO,ID_SALON,ID_PROFESOR) values ('43','Viernes','10:00 AM','12:00 PM','30','33','9','6');
Insert into CALENDARIO_CURSOS (ID_CALENDARIO,DIA,HORA_INICIO,HORA_FIN,CUPO,ID_CURSO,ID_SALON,ID_PROFESOR) values ('44','Lunes','04:00 PM','06:00 PM','30','34','11','6');
Insert into CALENDARIO_CURSOS (ID_CALENDARIO,DIA,HORA_INICIO,HORA_FIN,CUPO,ID_CURSO,ID_SALON,ID_PROFESOR) values ('45','Miércoles','04:00 PM','06:00 PM','30','34','11','6');
Insert into CALENDARIO_CURSOS (ID_CALENDARIO,DIA,HORA_INICIO,HORA_FIN,CUPO,ID_CURSO,ID_SALON,ID_PROFESOR) values ('46','Viernes','04:00 PM','06:00 PM','30','34','11','6');
Insert into CALENDARIO_CURSOS (ID_CALENDARIO,DIA,HORA_INICIO,HORA_FIN,CUPO,ID_CURSO,ID_SALON,ID_PROFESOR) values ('47','Martes','09:00 AM','12:00 PM','30','35','15','6');
Insert into CALENDARIO_CURSOS (ID_CALENDARIO,DIA,HORA_INICIO,HORA_FIN,CUPO,ID_CURSO,ID_SALON,ID_PROFESOR) values ('48','Jueves','09:00 AM','12:00 PM','30','36','15','6');
Insert into CALENDARIO_CURSOS (ID_CALENDARIO,DIA,HORA_INICIO,HORA_FIN,CUPO,ID_CURSO,ID_SALON,ID_PROFESOR) values ('49','Martes','02:00 PM','04:00PM','20','38','29','6');
Insert into CALENDARIO_CURSOS (ID_CALENDARIO,DIA,HORA_INICIO,HORA_FIN,CUPO,ID_CURSO,ID_SALON,ID_PROFESOR) values ('50','Jueves','02:00 PM','04:00 PM','20','38','29','6');
Insert into CALENDARIO_CURSOS (ID_CALENDARIO,DIA,HORA_INICIO,HORA_FIN,CUPO,ID_CURSO,ID_SALON,ID_PROFESOR) values ('51','Martes','04:00 PM','06:00 PM','20','40','29','6');
Insert into CALENDARIO_CURSOS (ID_CALENDARIO,DIA,HORA_INICIO,HORA_FIN,CUPO,ID_CURSO,ID_SALON,ID_PROFESOR) values ('52','Jueves','04:00 PM','06:00 PM','20','40','29','6');
Insert into CALENDARIO_CURSOS (ID_CALENDARIO,DIA,HORA_INICIO,HORA_FIN,CUPO,ID_CURSO,ID_SALON,ID_PROFESOR) values ('53','Martes','08:00 AM','10:00 AM','20','19','3','7');
Insert into CALENDARIO_CURSOS (ID_CALENDARIO,DIA,HORA_INICIO,HORA_FIN,CUPO,ID_CURSO,ID_SALON,ID_PROFESOR) values ('54','Jueves','08:00 AM','10:00 AM','20','19','3','7');
Insert into CALENDARIO_CURSOS (ID_CALENDARIO,DIA,HORA_INICIO,HORA_FIN,CUPO,ID_CURSO,ID_SALON,ID_PROFESOR) values ('55','Miércoles','08:00 AM','10:00 AM','20','53','27','7');
Insert into CALENDARIO_CURSOS (ID_CALENDARIO,DIA,HORA_INICIO,HORA_FIN,CUPO,ID_CURSO,ID_SALON,ID_PROFESOR) values ('56','Viernes','08:00 AM','10:00 AM','20','53','27','7');
Insert into CALENDARIO_CURSOS (ID_CALENDARIO,DIA,HORA_INICIO,HORA_FIN,CUPO,ID_CURSO,ID_SALON,ID_PROFESOR) values ('57','Lunes','10:00 AM','12:00 PM','30','27','27','8');
Insert into CALENDARIO_CURSOS (ID_CALENDARIO,DIA,HORA_INICIO,HORA_FIN,CUPO,ID_CURSO,ID_SALON,ID_PROFESOR) values ('58','Jueves','10:00 AM','12:00 PM','30','27','27','8');
Insert into CALENDARIO_CURSOS (ID_CALENDARIO,DIA,HORA_INICIO,HORA_FIN,CUPO,ID_CURSO,ID_SALON,ID_PROFESOR) values ('59','Martes','08:00 AM','10:00 AM','30','29','24','9');
Insert into CALENDARIO_CURSOS (ID_CALENDARIO,DIA,HORA_INICIO,HORA_FIN,CUPO,ID_CURSO,ID_SALON,ID_PROFESOR) values ('60','Jueves','08:00 AM','10:00 AM','30','29','24','9');
Insert into CALENDARIO_CURSOS (ID_CALENDARIO,DIA,HORA_INICIO,HORA_FIN,CUPO,ID_CURSO,ID_SALON,ID_PROFESOR) values ('61','Martes','02:00 PM','04:00 PM','20','32','23','9');
Insert into CALENDARIO_CURSOS (ID_CALENDARIO,DIA,HORA_INICIO,HORA_FIN,CUPO,ID_CURSO,ID_SALON,ID_PROFESOR) values ('62','Jueves','02:00 PM','04:00 PM','20','32','23','9');
Insert into CALENDARIO_CURSOS (ID_CALENDARIO,DIA,HORA_INICIO,HORA_FIN,CUPO,ID_CURSO,ID_SALON,ID_PROFESOR) values ('63','Martes','04:00 PM','06:00 PM','20','39','22','9');
Insert into CALENDARIO_CURSOS (ID_CALENDARIO,DIA,HORA_INICIO,HORA_FIN,CUPO,ID_CURSO,ID_SALON,ID_PROFESOR) values ('64','Jueves','04:00 PM','06:00 PM','20','39','22','9');
Insert into CALENDARIO_CURSOS (ID_CALENDARIO,DIA,HORA_INICIO,HORA_FIN,CUPO,ID_CURSO,ID_SALON,ID_PROFESOR) values ('65','Viernes','06:00 PM','09:00 PM','15','40','41','9');
Insert into CALENDARIO_CURSOS (ID_CALENDARIO,DIA,HORA_INICIO,HORA_FIN,CUPO,ID_CURSO,ID_SALON,ID_PROFESOR) values ('66','Jueves','06:00 PM','09:00 PM','15','49','35','9');
Insert into CALENDARIO_CURSOS (ID_CALENDARIO,DIA,HORA_INICIO,HORA_FIN,CUPO,ID_CURSO,ID_SALON,ID_PROFESOR) values ('67','Martes','04:00 PM','06:00 PM','20','20','25','10');
Insert into CALENDARIO_CURSOS (ID_CALENDARIO,DIA,HORA_INICIO,HORA_FIN,CUPO,ID_CURSO,ID_SALON,ID_PROFESOR) values ('68','Jueves','04:00 PM','06:00 PM','20','20','25','10');
Insert into CALENDARIO_CURSOS (ID_CALENDARIO,DIA,HORA_INICIO,HORA_FIN,CUPO,ID_CURSO,ID_SALON,ID_PROFESOR) values ('69','Miércoles','04:00 PM','06:00 PM','20','22','5','10');
Insert into CALENDARIO_CURSOS (ID_CALENDARIO,DIA,HORA_INICIO,HORA_FIN,CUPO,ID_CURSO,ID_SALON,ID_PROFESOR) values ('70','Viernes','04:00 PM','06:00 PM','20','22','5','10');
Insert into CALENDARIO_CURSOS (ID_CALENDARIO,DIA,HORA_INICIO,HORA_FIN,CUPO,ID_CURSO,ID_SALON,ID_PROFESOR) values ('71','Lunes','10:00 AM','12:00 PM','15','24','42','10');
Insert into CALENDARIO_CURSOS (ID_CALENDARIO,DIA,HORA_INICIO,HORA_FIN,CUPO,ID_CURSO,ID_SALON,ID_PROFESOR) values ('72','Miércoles','10:00 AM','12:00 PM','15','24','42','10');
REM INSERTING into CARRERAS
SET DEFINE OFF;
Insert into CARRERAS (ID_CARRERA,NOMBRE,ID_FACULTAD) values ('1','Ingeniería de Sistemas','1');
Insert into CARRERAS (ID_CARRERA,NOMBRE,ID_FACULTAD) values ('2','Ingeniería Mecánica','1');
Insert into CARRERAS (ID_CARRERA,NOMBRE,ID_FACULTAD) values ('3','Matemáticas Aplicadas','1');
Insert into CARRERAS (ID_CARRERA,NOMBRE,ID_FACULTAD) values ('4','Filosofía','2');
REM INSERTING into CARRERAS_ESTUDIANTES
SET DEFINE OFF;
Insert into CARRERAS_ESTUDIANTES (ID_CARRERA,ID_USUARIO) values ('1','17');
Insert into CARRERAS_ESTUDIANTES (ID_CARRERA,ID_USUARIO) values ('1','18');
Insert into CARRERAS_ESTUDIANTES (ID_CARRERA,ID_USUARIO) values ('1','20');
Insert into CARRERAS_ESTUDIANTES (ID_CARRERA,ID_USUARIO) values ('2','12');
Insert into CARRERAS_ESTUDIANTES (ID_CARRERA,ID_USUARIO) values ('2','14');
Insert into CARRERAS_ESTUDIANTES (ID_CARRERA,ID_USUARIO) values ('2','16');
Insert into CARRERAS_ESTUDIANTES (ID_CARRERA,ID_USUARIO) values ('2','19');
Insert into CARRERAS_ESTUDIANTES (ID_CARRERA,ID_USUARIO) values ('3','11');
Insert into CARRERAS_ESTUDIANTES (ID_CARRERA,ID_USUARIO) values ('3','15');
Insert into CARRERAS_ESTUDIANTES (ID_CARRERA,ID_USUARIO) values ('4','13');
REM INSERTING into CURSOS
SET DEFINE OFF;
Insert into CURSOS (ID_CURSO,NOMBRE,ID_FACULTAD) values ('1','Introducción a la Programación','1');
Insert into CURSOS (ID_CURSO,NOMBRE,ID_FACULTAD) values ('2','Introducción al Modelado de Sistemas','1');
Insert into CURSOS (ID_CURSO,NOMBRE,ID_FACULTAD) values ('3','Estructuras de Datos','1');
Insert into CURSOS (ID_CURSO,NOMBRE,ID_FACULTAD) values ('4','Técnicas y Prácticas de Programación','1');
Insert into CURSOS (ID_CURSO,NOMBRE,ID_FACULTAD) values ('5','Programación Orientada a Objetos','1');
Insert into CURSOS (ID_CURSO,NOMBRE,ID_FACULTAD) values ('6','Lógica Digital y Lenguaje de Máquina','1');
Insert into CURSOS (ID_CURSO,NOMBRE,ID_FACULTAD) values ('7','Programación Funcional','1');
Insert into CURSOS (ID_CURSO,NOMBRE,ID_FACULTAD) values ('8','Lógica para Ciencias de la Computación','1');
Insert into CURSOS (ID_CURSO,NOMBRE,ID_FACULTAD) values ('9','Árboles y Grafos','1');
Insert into CURSOS (ID_CURSO,NOMBRE,ID_FACULTAD) values ('10','Arquitectura del Computador','1');
Insert into CURSOS (ID_CURSO,NOMBRE,ID_FACULTAD) values ('11','Diseño de Interfaces Humano-Computador','1');
Insert into CURSOS (ID_CURSO,NOMBRE,ID_FACULTAD) values ('12','Computabilidad y Complejidad','1');
Insert into CURSOS (ID_CURSO,NOMBRE,ID_FACULTAD) values ('13','Computación Gráfica','1');
Insert into CURSOS (ID_CURSO,NOMBRE,ID_FACULTAD) values ('14','Comunicación de Datos','1');
Insert into CURSOS (ID_CURSO,NOMBRE,ID_FACULTAD) values ('15','Desarrollo Formal de Sistemas','1');
Insert into CURSOS (ID_CURSO,NOMBRE,ID_FACULTAD) values ('16','Análisis y Diseño de Algoritmos','1');
Insert into CURSOS (ID_CURSO,NOMBRE,ID_FACULTAD) values ('17','Gestión y Modelación de Datos','1');
Insert into CURSOS (ID_CURSO,NOMBRE,ID_FACULTAD) values ('18','Sistemas Operativos','1');
Insert into CURSOS (ID_CURSO,NOMBRE,ID_FACULTAD) values ('19','Programación Paralela','1');
Insert into CURSOS (ID_CURSO,NOMBRE,ID_FACULTAD) values ('20','Aprendizaje Automático','1');
Insert into CURSOS (ID_CURSO,NOMBRE,ID_FACULTAD) values ('21','Animación y Simulación','1');
Insert into CURSOS (ID_CURSO,NOMBRE,ID_FACULTAD) values ('22','Introducción a la Seguridad Informática','1');
Insert into CURSOS (ID_CURSO,NOMBRE,ID_FACULTAD) values ('23','Construcción de Software y Pruebas','1');
Insert into CURSOS (ID_CURSO,NOMBRE,ID_FACULTAD) values ('24','Sistemas Inteligentes','1');
Insert into CURSOS (ID_CURSO,NOMBRE,ID_FACULTAD) values ('25','Computación en la Nube','1');
Insert into CURSOS (ID_CURSO,NOMBRE,ID_FACULTAD) values ('26','Desarrollo de Videouegos','1');
Insert into CURSOS (ID_CURSO,NOMBRE,ID_FACULTAD) values ('27','Dibujo Mecánico','1');
Insert into CURSOS (ID_CURSO,NOMBRE,ID_FACULTAD) values ('28','Cinemática y Dinámica','1');
Insert into CURSOS (ID_CURSO,NOMBRE,ID_FACULTAD) values ('29','Química y Ciencia de Materiales','1');
Insert into CURSOS (ID_CURSO,NOMBRE,ID_FACULTAD) values ('30','Física Térmica y Ondulatoria','1');
Insert into CURSOS (ID_CURSO,NOMBRE,ID_FACULTAD) values ('31','Estática','1');
Insert into CURSOS (ID_CURSO,NOMBRE,ID_FACULTAD) values ('32','Propiedades de los Materiales','1');
Insert into CURSOS (ID_CURSO,NOMBRE,ID_FACULTAD) values ('33','Termodinámica','1');
Insert into CURSOS (ID_CURSO,NOMBRE,ID_FACULTAD) values ('34','Electricidad y Magnetismo','1');
Insert into CURSOS (ID_CURSO,NOMBRE,ID_FACULTAD) values ('35','Mecánica de Sólidos','1');
Insert into CURSOS (ID_CURSO,NOMBRE,ID_FACULTAD) values ('36','Mecánica de Fluidos','1');
Insert into CURSOS (ID_CURSO,NOMBRE,ID_FACULTAD) values ('37','Electrotecnia','1');
Insert into CURSOS (ID_CURSO,NOMBRE,ID_FACULTAD) values ('38','Transferencia de Calor','1');
Insert into CURSOS (ID_CURSO,NOMBRE,ID_FACULTAD) values ('39','Diseño Mecánico','1');
Insert into CURSOS (ID_CURSO,NOMBRE,ID_FACULTAD) values ('40','Máquinas Térmicas e Hidráulicas','1');
Insert into CURSOS (ID_CURSO,NOMBRE,ID_FACULTAD) values ('41','Fundamentos de Automatización','1');
Insert into CURSOS (ID_CURSO,NOMBRE,ID_FACULTAD) values ('42','Fundamentos de Matemáticas','1');
Insert into CURSOS (ID_CURSO,NOMBRE,ID_FACULTAD) values ('43','Geometría Plana y Analítica','1');
Insert into CURSOS (ID_CURSO,NOMBRE,ID_FACULTAD) values ('44','Cálculo Diferencial','1');
Insert into CURSOS (ID_CURSO,NOMBRE,ID_FACULTAD) values ('45','Álgebra Lineal','1');
Insert into CURSOS (ID_CURSO,NOMBRE,ID_FACULTAD) values ('46','Matemáticas Discretas','1');
Insert into CURSOS (ID_CURSO,NOMBRE,ID_FACULTAD) values ('47','Cálculo Integral','1');
Insert into CURSOS (ID_CURSO,NOMBRE,ID_FACULTAD) values ('48','Cálculo Multivariado','1');
Insert into CURSOS (ID_CURSO,NOMBRE,ID_FACULTAD) values ('49','Álgebra Moderna','1');
Insert into CURSOS (ID_CURSO,NOMBRE,ID_FACULTAD) values ('50','Teoría de Probabilidades','1');
Insert into CURSOS (ID_CURSO,NOMBRE,ID_FACULTAD) values ('51','Ecuaciones Diferenciales','1');
Insert into CURSOS (ID_CURSO,NOMBRE,ID_FACULTAD) values ('52','Estadítica Aplicada','1');
Insert into CURSOS (ID_CURSO,NOMBRE,ID_FACULTAD) values ('53','Optimización Matemática','1');
Insert into CURSOS (ID_CURSO,NOMBRE,ID_FACULTAD) values ('54','Estadística Avanzada','1');
Insert into CURSOS (ID_CURSO,NOMBRE,ID_FACULTAD) values ('55','Griego y Latín','2');
Insert into CURSOS (ID_CURSO,NOMBRE,ID_FACULTAD) values ('56','Textos Filosóficos','2');
Insert into CURSOS (ID_CURSO,NOMBRE,ID_FACULTAD) values ('57','Teología','2');
Insert into CURSOS (ID_CURSO,NOMBRE,ID_FACULTAD) values ('58','Filosofía Antigua','2');
Insert into CURSOS (ID_CURSO,NOMBRE,ID_FACULTAD) values ('59','Humanidades','2');
Insert into CURSOS (ID_CURSO,NOMBRE,ID_FACULTAD) values ('60','Filosofía Medieval','2');
Insert into CURSOS (ID_CURSO,NOMBRE,ID_FACULTAD) values ('61','Epistemología','2');
Insert into CURSOS (ID_CURSO,NOMBRE,ID_FACULTAD) values ('62','Filosofía Moderna','2');
Insert into CURSOS (ID_CURSO,NOMBRE,ID_FACULTAD) values ('63','Ontología','2');
Insert into CURSOS (ID_CURSO,NOMBRE,ID_FACULTAD) values ('64','Filosofía Contemporánea','2');
Insert into CURSOS (ID_CURSO,NOMBRE,ID_FACULTAD) values ('65','Antropología Filosófica','2');
Insert into CURSOS (ID_CURSO,NOMBRE,ID_FACULTAD) values ('66','Filosofía de la Ciencia','2');
Insert into CURSOS (ID_CURSO,NOMBRE,ID_FACULTAD) values ('67','Ética','2');
Insert into CURSOS (ID_CURSO,NOMBRE,ID_FACULTAD) values ('68','Filosofía del Lenguaje','2');
Insert into CURSOS (ID_CURSO,NOMBRE,ID_FACULTAD) values ('69','Filosofía No Occidental','2');
Insert into CURSOS (ID_CURSO,NOMBRE,ID_FACULTAD) values ('70','Trabajo de Grado',null);
Insert into CURSOS (ID_CURSO,NOMBRE,ID_FACULTAD) values ('71','Práctica Estudiantil',null);
REM INSERTING into CURSOS_CARRERAS
SET DEFINE OFF;
Insert into CURSOS_CARRERAS (ID_CURSO,ID_CARRERA,SEMESTRE) values ('1','1','1');
Insert into CURSOS_CARRERAS (ID_CURSO,ID_CARRERA,SEMESTRE) values ('2','1','1');
Insert into CURSOS_CARRERAS (ID_CURSO,ID_CARRERA,SEMESTRE) values ('3','1','2');
Insert into CURSOS_CARRERAS (ID_CURSO,ID_CARRERA,SEMESTRE) values ('4','1','2');
Insert into CURSOS_CARRERAS (ID_CURSO,ID_CARRERA,SEMESTRE) values ('5','1','3');
Insert into CURSOS_CARRERAS (ID_CURSO,ID_CARRERA,SEMESTRE) values ('6','1','3');
Insert into CURSOS_CARRERAS (ID_CURSO,ID_CARRERA,SEMESTRE) values ('7','1','3');
Insert into CURSOS_CARRERAS (ID_CURSO,ID_CARRERA,SEMESTRE) values ('8','1','4');
Insert into CURSOS_CARRERAS (ID_CURSO,ID_CARRERA,SEMESTRE) values ('9','1','4');
Insert into CURSOS_CARRERAS (ID_CURSO,ID_CARRERA,SEMESTRE) values ('10','1','4');
Insert into CURSOS_CARRERAS (ID_CURSO,ID_CARRERA,SEMESTRE) values ('11','1','4');
Insert into CURSOS_CARRERAS (ID_CURSO,ID_CARRERA,SEMESTRE) values ('12','1','5');
Insert into CURSOS_CARRERAS (ID_CURSO,ID_CARRERA,SEMESTRE) values ('13','1','5');
Insert into CURSOS_CARRERAS (ID_CURSO,ID_CARRERA,SEMESTRE) values ('14','1','5');
Insert into CURSOS_CARRERAS (ID_CURSO,ID_CARRERA,SEMESTRE) values ('15','1','6');
Insert into CURSOS_CARRERAS (ID_CURSO,ID_CARRERA,SEMESTRE) values ('16','1','6');
Insert into CURSOS_CARRERAS (ID_CURSO,ID_CARRERA,SEMESTRE) values ('17','1','6');
Insert into CURSOS_CARRERAS (ID_CURSO,ID_CARRERA,SEMESTRE) values ('18','1','6');
Insert into CURSOS_CARRERAS (ID_CURSO,ID_CARRERA,SEMESTRE) values ('19','1','7');
Insert into CURSOS_CARRERAS (ID_CURSO,ID_CARRERA,SEMESTRE) values ('20','1','7');
Insert into CURSOS_CARRERAS (ID_CURSO,ID_CARRERA,SEMESTRE) values ('21','1','7');
Insert into CURSOS_CARRERAS (ID_CURSO,ID_CARRERA,SEMESTRE) values ('22','1','8');
Insert into CURSOS_CARRERAS (ID_CURSO,ID_CARRERA,SEMESTRE) values ('23','1','8');
Insert into CURSOS_CARRERAS (ID_CURSO,ID_CARRERA,SEMESTRE) values ('24','1','8');
Insert into CURSOS_CARRERAS (ID_CURSO,ID_CARRERA,SEMESTRE) values ('25','1','9');
Insert into CURSOS_CARRERAS (ID_CURSO,ID_CARRERA,SEMESTRE) values ('26','1','9');
Insert into CURSOS_CARRERAS (ID_CURSO,ID_CARRERA,SEMESTRE) values ('44','1','1');
Insert into CURSOS_CARRERAS (ID_CURSO,ID_CARRERA,SEMESTRE) values ('53','1','1');
Insert into CURSOS_CARRERAS (ID_CURSO,ID_CARRERA,SEMESTRE) values ('45','1','2');
Insert into CURSOS_CARRERAS (ID_CURSO,ID_CARRERA,SEMESTRE) values ('47','1','2');
Insert into CURSOS_CARRERAS (ID_CURSO,ID_CARRERA,SEMESTRE) values ('57','1','2');
Insert into CURSOS_CARRERAS (ID_CURSO,ID_CARRERA,SEMESTRE) values ('48','1','3');
Insert into CURSOS_CARRERAS (ID_CURSO,ID_CARRERA,SEMESTRE) values ('28','1','4');
Insert into CURSOS_CARRERAS (ID_CURSO,ID_CARRERA,SEMESTRE) values ('67','1','9');
Insert into CURSOS_CARRERAS (ID_CURSO,ID_CARRERA,SEMESTRE) values ('70','1','9');
Insert into CURSOS_CARRERAS (ID_CURSO,ID_CARRERA,SEMESTRE) values ('71','1','10');
Insert into CURSOS_CARRERAS (ID_CURSO,ID_CARRERA,SEMESTRE) values ('34','1','5');
Insert into CURSOS_CARRERAS (ID_CURSO,ID_CARRERA,SEMESTRE) values ('27','2','1');
Insert into CURSOS_CARRERAS (ID_CURSO,ID_CARRERA,SEMESTRE) values ('28','2','2');
Insert into CURSOS_CARRERAS (ID_CURSO,ID_CARRERA,SEMESTRE) values ('29','2','2');
Insert into CURSOS_CARRERAS (ID_CURSO,ID_CARRERA,SEMESTRE) values ('30','2','3');
Insert into CURSOS_CARRERAS (ID_CURSO,ID_CARRERA,SEMESTRE) values ('31','2','3');
Insert into CURSOS_CARRERAS (ID_CURSO,ID_CARRERA,SEMESTRE) values ('32','2','3');
Insert into CURSOS_CARRERAS (ID_CURSO,ID_CARRERA,SEMESTRE) values ('33','2','4');
Insert into CURSOS_CARRERAS (ID_CURSO,ID_CARRERA,SEMESTRE) values ('34','2','4');
Insert into CURSOS_CARRERAS (ID_CURSO,ID_CARRERA,SEMESTRE) values ('35','2','4');
Insert into CURSOS_CARRERAS (ID_CURSO,ID_CARRERA,SEMESTRE) values ('36','2','5');
Insert into CURSOS_CARRERAS (ID_CURSO,ID_CARRERA,SEMESTRE) values ('37','2','5');
Insert into CURSOS_CARRERAS (ID_CURSO,ID_CARRERA,SEMESTRE) values ('38','2','6');
Insert into CURSOS_CARRERAS (ID_CURSO,ID_CARRERA,SEMESTRE) values ('39','2','6');
Insert into CURSOS_CARRERAS (ID_CURSO,ID_CARRERA,SEMESTRE) values ('40','2','7');
Insert into CURSOS_CARRERAS (ID_CURSO,ID_CARRERA,SEMESTRE) values ('41','2','7');
Insert into CURSOS_CARRERAS (ID_CURSO,ID_CARRERA,SEMESTRE) values ('44','2','1');
Insert into CURSOS_CARRERAS (ID_CURSO,ID_CARRERA,SEMESTRE) values ('43','2','1');
Insert into CURSOS_CARRERAS (ID_CURSO,ID_CARRERA,SEMESTRE) values ('57','2','1');
Insert into CURSOS_CARRERAS (ID_CURSO,ID_CARRERA,SEMESTRE) values ('47','2','2');
Insert into CURSOS_CARRERAS (ID_CURSO,ID_CARRERA,SEMESTRE) values ('45','2','2');
Insert into CURSOS_CARRERAS (ID_CURSO,ID_CARRERA,SEMESTRE) values ('59','2','2');
Insert into CURSOS_CARRERAS (ID_CURSO,ID_CARRERA,SEMESTRE) values ('48','2','3');
Insert into CURSOS_CARRERAS (ID_CURSO,ID_CARRERA,SEMESTRE) values ('51','2','3');
Insert into CURSOS_CARRERAS (ID_CURSO,ID_CARRERA,SEMESTRE) values ('67','2','7');
Insert into CURSOS_CARRERAS (ID_CURSO,ID_CARRERA,SEMESTRE) values ('71','2','8');
Insert into CURSOS_CARRERAS (ID_CURSO,ID_CARRERA,SEMESTRE) values ('42','3','1');
Insert into CURSOS_CARRERAS (ID_CURSO,ID_CARRERA,SEMESTRE) values ('43','3','1');
Insert into CURSOS_CARRERAS (ID_CURSO,ID_CARRERA,SEMESTRE) values ('44','3','2');
Insert into CURSOS_CARRERAS (ID_CURSO,ID_CARRERA,SEMESTRE) values ('45','3','2');
Insert into CURSOS_CARRERAS (ID_CURSO,ID_CARRERA,SEMESTRE) values ('46','3','2');
Insert into CURSOS_CARRERAS (ID_CURSO,ID_CARRERA,SEMESTRE) values ('47','3','3');
Insert into CURSOS_CARRERAS (ID_CURSO,ID_CARRERA,SEMESTRE) values ('48','3','4');
Insert into CURSOS_CARRERAS (ID_CURSO,ID_CARRERA,SEMESTRE) values ('49','3','4');
Insert into CURSOS_CARRERAS (ID_CURSO,ID_CARRERA,SEMESTRE) values ('50','3','4');
Insert into CURSOS_CARRERAS (ID_CURSO,ID_CARRERA,SEMESTRE) values ('51','3','5');
Insert into CURSOS_CARRERAS (ID_CURSO,ID_CARRERA,SEMESTRE) values ('52','3','5');
Insert into CURSOS_CARRERAS (ID_CURSO,ID_CARRERA,SEMESTRE) values ('53','3','6');
Insert into CURSOS_CARRERAS (ID_CURSO,ID_CARRERA,SEMESTRE) values ('54','3','7');
Insert into CURSOS_CARRERAS (ID_CURSO,ID_CARRERA,SEMESTRE) values ('57','3','1');
Insert into CURSOS_CARRERAS (ID_CURSO,ID_CARRERA,SEMESTRE) values ('59','3','2');
Insert into CURSOS_CARRERAS (ID_CURSO,ID_CARRERA,SEMESTRE) values ('3','3','2');
Insert into CURSOS_CARRERAS (ID_CURSO,ID_CARRERA,SEMESTRE) values ('8','3','3');
Insert into CURSOS_CARRERAS (ID_CURSO,ID_CARRERA,SEMESTRE) values ('28','3','3');
Insert into CURSOS_CARRERAS (ID_CURSO,ID_CARRERA,SEMESTRE) values ('30','3','4');
Insert into CURSOS_CARRERAS (ID_CURSO,ID_CARRERA,SEMESTRE) values ('67','3','7');
Insert into CURSOS_CARRERAS (ID_CURSO,ID_CARRERA,SEMESTRE) values ('70','3','8');
Insert into CURSOS_CARRERAS (ID_CURSO,ID_CARRERA,SEMESTRE) values ('71','3','8');
Insert into CURSOS_CARRERAS (ID_CURSO,ID_CARRERA,SEMESTRE) values ('55','4','1');
Insert into CURSOS_CARRERAS (ID_CURSO,ID_CARRERA,SEMESTRE) values ('56','4','1');
Insert into CURSOS_CARRERAS (ID_CURSO,ID_CARRERA,SEMESTRE) values ('57','4','1');
Insert into CURSOS_CARRERAS (ID_CURSO,ID_CARRERA,SEMESTRE) values ('58','4','2');
Insert into CURSOS_CARRERAS (ID_CURSO,ID_CARRERA,SEMESTRE) values ('59','4','2');
Insert into CURSOS_CARRERAS (ID_CURSO,ID_CARRERA,SEMESTRE) values ('60','4','3');
Insert into CURSOS_CARRERAS (ID_CURSO,ID_CARRERA,SEMESTRE) values ('61','4','3');
Insert into CURSOS_CARRERAS (ID_CURSO,ID_CARRERA,SEMESTRE) values ('62','4','4');
Insert into CURSOS_CARRERAS (ID_CURSO,ID_CARRERA,SEMESTRE) values ('63','4','4');
Insert into CURSOS_CARRERAS (ID_CURSO,ID_CARRERA,SEMESTRE) values ('64','4','5');
Insert into CURSOS_CARRERAS (ID_CURSO,ID_CARRERA,SEMESTRE) values ('65','4','5');
Insert into CURSOS_CARRERAS (ID_CURSO,ID_CARRERA,SEMESTRE) values ('66','4','6');
Insert into CURSOS_CARRERAS (ID_CURSO,ID_CARRERA,SEMESTRE) values ('67','4','6');
Insert into CURSOS_CARRERAS (ID_CURSO,ID_CARRERA,SEMESTRE) values ('68','4','7');
Insert into CURSOS_CARRERAS (ID_CURSO,ID_CARRERA,SEMESTRE) values ('69','4','8');
Insert into CURSOS_CARRERAS (ID_CURSO,ID_CARRERA,SEMESTRE) values ('70','4','7');
Insert into CURSOS_CARRERAS (ID_CURSO,ID_CARRERA,SEMESTRE) values ('71','4','8');
REM INSERTING into CURSOS_ESTUDIANTES
SET DEFINE OFF;
Insert into CURSOS_ESTUDIANTES (ID_CALENDARIO,ID_USUARIO) values ('1','17');
Insert into CURSOS_ESTUDIANTES (ID_CALENDARIO,ID_USUARIO) values ('1','20');
Insert into CURSOS_ESTUDIANTES (ID_CALENDARIO,ID_USUARIO) values ('2','17');
Insert into CURSOS_ESTUDIANTES (ID_CALENDARIO,ID_USUARIO) values ('3','17');
Insert into CURSOS_ESTUDIANTES (ID_CALENDARIO,ID_USUARIO) values ('4','17');
Insert into CURSOS_ESTUDIANTES (ID_CALENDARIO,ID_USUARIO) values ('5','17');
Insert into CURSOS_ESTUDIANTES (ID_CALENDARIO,ID_USUARIO) values ('6','17');
Insert into CURSOS_ESTUDIANTES (ID_CALENDARIO,ID_USUARIO) values ('9','17');
Insert into CURSOS_ESTUDIANTES (ID_CALENDARIO,ID_USUARIO) values ('10','17');
Insert into CURSOS_ESTUDIANTES (ID_CALENDARIO,ID_USUARIO) values ('11','17');
Insert into CURSOS_ESTUDIANTES (ID_CALENDARIO,ID_USUARIO) values ('12','17');
Insert into CURSOS_ESTUDIANTES (ID_CALENDARIO,ID_USUARIO) values ('13','11');
Insert into CURSOS_ESTUDIANTES (ID_CALENDARIO,ID_USUARIO) values ('13','14');
Insert into CURSOS_ESTUDIANTES (ID_CALENDARIO,ID_USUARIO) values ('13','15');
Insert into CURSOS_ESTUDIANTES (ID_CALENDARIO,ID_USUARIO) values ('13','16');
Insert into CURSOS_ESTUDIANTES (ID_CALENDARIO,ID_USUARIO) values ('13','17');
Insert into CURSOS_ESTUDIANTES (ID_CALENDARIO,ID_USUARIO) values ('13','19');
Insert into CURSOS_ESTUDIANTES (ID_CALENDARIO,ID_USUARIO) values ('13','20');
Insert into CURSOS_ESTUDIANTES (ID_CALENDARIO,ID_USUARIO) values ('14','11');
Insert into CURSOS_ESTUDIANTES (ID_CALENDARIO,ID_USUARIO) values ('14','14');
Insert into CURSOS_ESTUDIANTES (ID_CALENDARIO,ID_USUARIO) values ('14','15');
Insert into CURSOS_ESTUDIANTES (ID_CALENDARIO,ID_USUARIO) values ('14','16');
Insert into CURSOS_ESTUDIANTES (ID_CALENDARIO,ID_USUARIO) values ('14','17');
Insert into CURSOS_ESTUDIANTES (ID_CALENDARIO,ID_USUARIO) values ('14','19');
Insert into CURSOS_ESTUDIANTES (ID_CALENDARIO,ID_USUARIO) values ('14','20');
Insert into CURSOS_ESTUDIANTES (ID_CALENDARIO,ID_USUARIO) values ('15','11');
Insert into CURSOS_ESTUDIANTES (ID_CALENDARIO,ID_USUARIO) values ('15','14');
Insert into CURSOS_ESTUDIANTES (ID_CALENDARIO,ID_USUARIO) values ('15','15');
Insert into CURSOS_ESTUDIANTES (ID_CALENDARIO,ID_USUARIO) values ('15','16');
Insert into CURSOS_ESTUDIANTES (ID_CALENDARIO,ID_USUARIO) values ('15','17');
Insert into CURSOS_ESTUDIANTES (ID_CALENDARIO,ID_USUARIO) values ('15','19');
Insert into CURSOS_ESTUDIANTES (ID_CALENDARIO,ID_USUARIO) values ('16','11');
Insert into CURSOS_ESTUDIANTES (ID_CALENDARIO,ID_USUARIO) values ('16','14');
Insert into CURSOS_ESTUDIANTES (ID_CALENDARIO,ID_USUARIO) values ('16','15');
Insert into CURSOS_ESTUDIANTES (ID_CALENDARIO,ID_USUARIO) values ('16','16');
Insert into CURSOS_ESTUDIANTES (ID_CALENDARIO,ID_USUARIO) values ('16','17');
Insert into CURSOS_ESTUDIANTES (ID_CALENDARIO,ID_USUARIO) values ('16','19');
Insert into CURSOS_ESTUDIANTES (ID_CALENDARIO,ID_USUARIO) values ('17','11');
Insert into CURSOS_ESTUDIANTES (ID_CALENDARIO,ID_USUARIO) values ('17','15');
Insert into CURSOS_ESTUDIANTES (ID_CALENDARIO,ID_USUARIO) values ('18','11');
Insert into CURSOS_ESTUDIANTES (ID_CALENDARIO,ID_USUARIO) values ('18','15');
Insert into CURSOS_ESTUDIANTES (ID_CALENDARIO,ID_USUARIO) values ('19','11');
Insert into CURSOS_ESTUDIANTES (ID_CALENDARIO,ID_USUARIO) values ('19','15');
Insert into CURSOS_ESTUDIANTES (ID_CALENDARIO,ID_USUARIO) values ('20','11');
Insert into CURSOS_ESTUDIANTES (ID_CALENDARIO,ID_USUARIO) values ('20','15');
Insert into CURSOS_ESTUDIANTES (ID_CALENDARIO,ID_USUARIO) values ('23','11');
Insert into CURSOS_ESTUDIANTES (ID_CALENDARIO,ID_USUARIO) values ('23','14');
Insert into CURSOS_ESTUDIANTES (ID_CALENDARIO,ID_USUARIO) values ('23','15');
Insert into CURSOS_ESTUDIANTES (ID_CALENDARIO,ID_USUARIO) values ('23','16');
Insert into CURSOS_ESTUDIANTES (ID_CALENDARIO,ID_USUARIO) values ('23','17');
Insert into CURSOS_ESTUDIANTES (ID_CALENDARIO,ID_USUARIO) values ('23','19');
Insert into CURSOS_ESTUDIANTES (ID_CALENDARIO,ID_USUARIO) values ('24','11');
Insert into CURSOS_ESTUDIANTES (ID_CALENDARIO,ID_USUARIO) values ('24','14');
Insert into CURSOS_ESTUDIANTES (ID_CALENDARIO,ID_USUARIO) values ('24','15');
Insert into CURSOS_ESTUDIANTES (ID_CALENDARIO,ID_USUARIO) values ('24','16');
Insert into CURSOS_ESTUDIANTES (ID_CALENDARIO,ID_USUARIO) values ('24','17');
Insert into CURSOS_ESTUDIANTES (ID_CALENDARIO,ID_USUARIO) values ('24','19');
Insert into CURSOS_ESTUDIANTES (ID_CALENDARIO,ID_USUARIO) values ('25','11');
Insert into CURSOS_ESTUDIANTES (ID_CALENDARIO,ID_USUARIO) values ('25','14');
Insert into CURSOS_ESTUDIANTES (ID_CALENDARIO,ID_USUARIO) values ('25','15');
Insert into CURSOS_ESTUDIANTES (ID_CALENDARIO,ID_USUARIO) values ('25','16');
Insert into CURSOS_ESTUDIANTES (ID_CALENDARIO,ID_USUARIO) values ('25','17');
Insert into CURSOS_ESTUDIANTES (ID_CALENDARIO,ID_USUARIO) values ('25','19');
Insert into CURSOS_ESTUDIANTES (ID_CALENDARIO,ID_USUARIO) values ('26','11');
Insert into CURSOS_ESTUDIANTES (ID_CALENDARIO,ID_USUARIO) values ('26','14');
Insert into CURSOS_ESTUDIANTES (ID_CALENDARIO,ID_USUARIO) values ('26','15');
Insert into CURSOS_ESTUDIANTES (ID_CALENDARIO,ID_USUARIO) values ('26','16');
Insert into CURSOS_ESTUDIANTES (ID_CALENDARIO,ID_USUARIO) values ('26','17');
Insert into CURSOS_ESTUDIANTES (ID_CALENDARIO,ID_USUARIO) values ('26','19');
Insert into CURSOS_ESTUDIANTES (ID_CALENDARIO,ID_USUARIO) values ('31','11');
Insert into CURSOS_ESTUDIANTES (ID_CALENDARIO,ID_USUARIO) values ('31','13');
Insert into CURSOS_ESTUDIANTES (ID_CALENDARIO,ID_USUARIO) values ('31','14');
Insert into CURSOS_ESTUDIANTES (ID_CALENDARIO,ID_USUARIO) values ('31','15');
Insert into CURSOS_ESTUDIANTES (ID_CALENDARIO,ID_USUARIO) values ('31','16');
Insert into CURSOS_ESTUDIANTES (ID_CALENDARIO,ID_USUARIO) values ('31','19');
Insert into CURSOS_ESTUDIANTES (ID_CALENDARIO,ID_USUARIO) values ('32','13');
Insert into CURSOS_ESTUDIANTES (ID_CALENDARIO,ID_USUARIO) values ('35','11');
Insert into CURSOS_ESTUDIANTES (ID_CALENDARIO,ID_USUARIO) values ('35','14');
Insert into CURSOS_ESTUDIANTES (ID_CALENDARIO,ID_USUARIO) values ('35','15');
Insert into CURSOS_ESTUDIANTES (ID_CALENDARIO,ID_USUARIO) values ('35','16');
Insert into CURSOS_ESTUDIANTES (ID_CALENDARIO,ID_USUARIO) values ('35','17');
Insert into CURSOS_ESTUDIANTES (ID_CALENDARIO,ID_USUARIO) values ('35','19');
Insert into CURSOS_ESTUDIANTES (ID_CALENDARIO,ID_USUARIO) values ('36','11');
Insert into CURSOS_ESTUDIANTES (ID_CALENDARIO,ID_USUARIO) values ('36','14');
Insert into CURSOS_ESTUDIANTES (ID_CALENDARIO,ID_USUARIO) values ('36','15');
Insert into CURSOS_ESTUDIANTES (ID_CALENDARIO,ID_USUARIO) values ('36','16');
Insert into CURSOS_ESTUDIANTES (ID_CALENDARIO,ID_USUARIO) values ('36','17');
Insert into CURSOS_ESTUDIANTES (ID_CALENDARIO,ID_USUARIO) values ('36','19');
Insert into CURSOS_ESTUDIANTES (ID_CALENDARIO,ID_USUARIO) values ('37','11');
Insert into CURSOS_ESTUDIANTES (ID_CALENDARIO,ID_USUARIO) values ('37','14');
Insert into CURSOS_ESTUDIANTES (ID_CALENDARIO,ID_USUARIO) values ('37','15');
Insert into CURSOS_ESTUDIANTES (ID_CALENDARIO,ID_USUARIO) values ('37','16');
Insert into CURSOS_ESTUDIANTES (ID_CALENDARIO,ID_USUARIO) values ('37','17');
Insert into CURSOS_ESTUDIANTES (ID_CALENDARIO,ID_USUARIO) values ('37','19');
Insert into CURSOS_ESTUDIANTES (ID_CALENDARIO,ID_USUARIO) values ('38','11');
Insert into CURSOS_ESTUDIANTES (ID_CALENDARIO,ID_USUARIO) values ('38','14');
Insert into CURSOS_ESTUDIANTES (ID_CALENDARIO,ID_USUARIO) values ('38','15');
Insert into CURSOS_ESTUDIANTES (ID_CALENDARIO,ID_USUARIO) values ('38','16');
Insert into CURSOS_ESTUDIANTES (ID_CALENDARIO,ID_USUARIO) values ('38','19');
Insert into CURSOS_ESTUDIANTES (ID_CALENDARIO,ID_USUARIO) values ('39','11');
Insert into CURSOS_ESTUDIANTES (ID_CALENDARIO,ID_USUARIO) values ('39','14');
Insert into CURSOS_ESTUDIANTES (ID_CALENDARIO,ID_USUARIO) values ('39','15');
Insert into CURSOS_ESTUDIANTES (ID_CALENDARIO,ID_USUARIO) values ('39','16');
Insert into CURSOS_ESTUDIANTES (ID_CALENDARIO,ID_USUARIO) values ('39','19');
Insert into CURSOS_ESTUDIANTES (ID_CALENDARIO,ID_USUARIO) values ('40','11');
Insert into CURSOS_ESTUDIANTES (ID_CALENDARIO,ID_USUARIO) values ('40','14');
Insert into CURSOS_ESTUDIANTES (ID_CALENDARIO,ID_USUARIO) values ('40','15');
Insert into CURSOS_ESTUDIANTES (ID_CALENDARIO,ID_USUARIO) values ('40','16');
Insert into CURSOS_ESTUDIANTES (ID_CALENDARIO,ID_USUARIO) values ('40','19');
Insert into CURSOS_ESTUDIANTES (ID_CALENDARIO,ID_USUARIO) values ('41','14');
Insert into CURSOS_ESTUDIANTES (ID_CALENDARIO,ID_USUARIO) values ('41','16');
Insert into CURSOS_ESTUDIANTES (ID_CALENDARIO,ID_USUARIO) values ('41','19');
Insert into CURSOS_ESTUDIANTES (ID_CALENDARIO,ID_USUARIO) values ('42','14');
Insert into CURSOS_ESTUDIANTES (ID_CALENDARIO,ID_USUARIO) values ('42','16');
Insert into CURSOS_ESTUDIANTES (ID_CALENDARIO,ID_USUARIO) values ('42','19');
Insert into CURSOS_ESTUDIANTES (ID_CALENDARIO,ID_USUARIO) values ('43','14');
Insert into CURSOS_ESTUDIANTES (ID_CALENDARIO,ID_USUARIO) values ('43','16');
Insert into CURSOS_ESTUDIANTES (ID_CALENDARIO,ID_USUARIO) values ('43','19');
Insert into CURSOS_ESTUDIANTES (ID_CALENDARIO,ID_USUARIO) values ('44','14');
Insert into CURSOS_ESTUDIANTES (ID_CALENDARIO,ID_USUARIO) values ('44','16');
Insert into CURSOS_ESTUDIANTES (ID_CALENDARIO,ID_USUARIO) values ('44','19');
Insert into CURSOS_ESTUDIANTES (ID_CALENDARIO,ID_USUARIO) values ('45','14');
Insert into CURSOS_ESTUDIANTES (ID_CALENDARIO,ID_USUARIO) values ('45','16');
Insert into CURSOS_ESTUDIANTES (ID_CALENDARIO,ID_USUARIO) values ('45','19');
Insert into CURSOS_ESTUDIANTES (ID_CALENDARIO,ID_USUARIO) values ('46','14');
Insert into CURSOS_ESTUDIANTES (ID_CALENDARIO,ID_USUARIO) values ('46','16');
Insert into CURSOS_ESTUDIANTES (ID_CALENDARIO,ID_USUARIO) values ('46','19');
Insert into CURSOS_ESTUDIANTES (ID_CALENDARIO,ID_USUARIO) values ('47','14');
Insert into CURSOS_ESTUDIANTES (ID_CALENDARIO,ID_USUARIO) values ('47','16');
Insert into CURSOS_ESTUDIANTES (ID_CALENDARIO,ID_USUARIO) values ('47','19');
Insert into CURSOS_ESTUDIANTES (ID_CALENDARIO,ID_USUARIO) values ('48','19');
Insert into CURSOS_ESTUDIANTES (ID_CALENDARIO,ID_USUARIO) values ('55','20');
Insert into CURSOS_ESTUDIANTES (ID_CALENDARIO,ID_USUARIO) values ('56','20');
Insert into CURSOS_ESTUDIANTES (ID_CALENDARIO,ID_USUARIO) values ('57','14');
Insert into CURSOS_ESTUDIANTES (ID_CALENDARIO,ID_USUARIO) values ('57','16');
Insert into CURSOS_ESTUDIANTES (ID_CALENDARIO,ID_USUARIO) values ('57','19');
Insert into CURSOS_ESTUDIANTES (ID_CALENDARIO,ID_USUARIO) values ('58','14');
Insert into CURSOS_ESTUDIANTES (ID_CALENDARIO,ID_USUARIO) values ('58','16');
Insert into CURSOS_ESTUDIANTES (ID_CALENDARIO,ID_USUARIO) values ('58','19');
Insert into CURSOS_ESTUDIANTES (ID_CALENDARIO,ID_USUARIO) values ('59','14');
Insert into CURSOS_ESTUDIANTES (ID_CALENDARIO,ID_USUARIO) values ('59','16');
Insert into CURSOS_ESTUDIANTES (ID_CALENDARIO,ID_USUARIO) values ('59','19');
Insert into CURSOS_ESTUDIANTES (ID_CALENDARIO,ID_USUARIO) values ('60','14');
Insert into CURSOS_ESTUDIANTES (ID_CALENDARIO,ID_USUARIO) values ('60','16');
Insert into CURSOS_ESTUDIANTES (ID_CALENDARIO,ID_USUARIO) values ('60','19');
Insert into CURSOS_ESTUDIANTES (ID_CALENDARIO,ID_USUARIO) values ('61','14');
Insert into CURSOS_ESTUDIANTES (ID_CALENDARIO,ID_USUARIO) values ('61','16');
Insert into CURSOS_ESTUDIANTES (ID_CALENDARIO,ID_USUARIO) values ('61','19');
Insert into CURSOS_ESTUDIANTES (ID_CALENDARIO,ID_USUARIO) values ('62','14');
Insert into CURSOS_ESTUDIANTES (ID_CALENDARIO,ID_USUARIO) values ('62','16');
Insert into CURSOS_ESTUDIANTES (ID_CALENDARIO,ID_USUARIO) values ('62','19');
REM INSERTING into EDIFICIOS
SET DEFINE OFF;
Insert into EDIFICIOS (ID_EDIFICIO,NOMBRE) values ('1','Palmas');
Insert into EDIFICIOS (ID_EDIFICIO,NOMBRE) values ('2','El Lago');
Insert into EDIFICIOS (ID_EDIFICIO,NOMBRE) values ('3','El Samán');
Insert into EDIFICIOS (ID_EDIFICIO,NOMBRE) values ('4','Almendros');
Insert into EDIFICIOS (ID_EDIFICIO,NOMBRE) values ('5','Cedro Rosado');
REM INSERTING into FACULTADES
SET DEFINE OFF;
Insert into FACULTADES (ID_FACULTAD,NOMBRE) values ('1','Ingeniería y Ciencias');
Insert into FACULTADES (ID_FACULTAD,NOMBRE) values ('2','Humanidades y Ciencias Sociales');
REM INSERTING into ROLES
SET DEFINE OFF;
Insert into ROLES (ID_ROL,NOMBRE) values ('1','Estudiante');
Insert into ROLES (ID_ROL,NOMBRE) values ('2','Profesor');
REM INSERTING into SALONES
SET DEFINE OFF;
Insert into SALONES (ID_SALON,NOMBRE,ID_EDIFICIO) values ('1','3.1','1');
Insert into SALONES (ID_SALON,NOMBRE,ID_EDIFICIO) values ('2','3.2','1');
Insert into SALONES (ID_SALON,NOMBRE,ID_EDIFICIO) values ('3','3.3','1');
Insert into SALONES (ID_SALON,NOMBRE,ID_EDIFICIO) values ('4','3.4','1');
Insert into SALONES (ID_SALON,NOMBRE,ID_EDIFICIO) values ('5','3.5','1');
Insert into SALONES (ID_SALON,NOMBRE,ID_EDIFICIO) values ('6','3.6','1');
Insert into SALONES (ID_SALON,NOMBRE,ID_EDIFICIO) values ('7','1.1','2');
Insert into SALONES (ID_SALON,NOMBRE,ID_EDIFICIO) values ('8','1.2','2');
Insert into SALONES (ID_SALON,NOMBRE,ID_EDIFICIO) values ('9','1.3','2');
Insert into SALONES (ID_SALON,NOMBRE,ID_EDIFICIO) values ('10','1.4','2');
Insert into SALONES (ID_SALON,NOMBRE,ID_EDIFICIO) values ('11','1.5','2');
Insert into SALONES (ID_SALON,NOMBRE,ID_EDIFICIO) values ('12','1.6','2');
Insert into SALONES (ID_SALON,NOMBRE,ID_EDIFICIO) values ('13','2.1','2');
Insert into SALONES (ID_SALON,NOMBRE,ID_EDIFICIO) values ('14','2.2','2');
Insert into SALONES (ID_SALON,NOMBRE,ID_EDIFICIO) values ('15','2.3','2');
Insert into SALONES (ID_SALON,NOMBRE,ID_EDIFICIO) values ('16','2.4','2');
Insert into SALONES (ID_SALON,NOMBRE,ID_EDIFICIO) values ('17','2.5','2');
Insert into SALONES (ID_SALON,NOMBRE,ID_EDIFICIO) values ('18','2.6','2');
Insert into SALONES (ID_SALON,NOMBRE,ID_EDIFICIO) values ('19','3.1','2');
Insert into SALONES (ID_SALON,NOMBRE,ID_EDIFICIO) values ('20','3.2','2');
Insert into SALONES (ID_SALON,NOMBRE,ID_EDIFICIO) values ('21','3.3','2');
Insert into SALONES (ID_SALON,NOMBRE,ID_EDIFICIO) values ('22','3.4','2');
Insert into SALONES (ID_SALON,NOMBRE,ID_EDIFICIO) values ('23','3.5','2');
Insert into SALONES (ID_SALON,NOMBRE,ID_EDIFICIO) values ('24','3.6','2');
Insert into SALONES (ID_SALON,NOMBRE,ID_EDIFICIO) values ('25','1.1','3');
Insert into SALONES (ID_SALON,NOMBRE,ID_EDIFICIO) values ('26','1.2','3');
Insert into SALONES (ID_SALON,NOMBRE,ID_EDIFICIO) values ('27','1.3','3');
Insert into SALONES (ID_SALON,NOMBRE,ID_EDIFICIO) values ('28','1.4','3');
Insert into SALONES (ID_SALON,NOMBRE,ID_EDIFICIO) values ('29','1.5','3');
Insert into SALONES (ID_SALON,NOMBRE,ID_EDIFICIO) values ('30','1.6','3');
Insert into SALONES (ID_SALON,NOMBRE,ID_EDIFICIO) values ('31','1.7','3');
Insert into SALONES (ID_SALON,NOMBRE,ID_EDIFICIO) values ('32','1.8','3');
Insert into SALONES (ID_SALON,NOMBRE,ID_EDIFICIO) values ('33','3.1','4');
Insert into SALONES (ID_SALON,NOMBRE,ID_EDIFICIO) values ('34','3.2','4');
Insert into SALONES (ID_SALON,NOMBRE,ID_EDIFICIO) values ('35','3.3','4');
Insert into SALONES (ID_SALON,NOMBRE,ID_EDIFICIO) values ('36','3.4','4');
Insert into SALONES (ID_SALON,NOMBRE,ID_EDIFICIO) values ('37','3.5','4');
Insert into SALONES (ID_SALON,NOMBRE,ID_EDIFICIO) values ('38','3.6','4');
Insert into SALONES (ID_SALON,NOMBRE,ID_EDIFICIO) values ('39','3.7','4');
Insert into SALONES (ID_SALON,NOMBRE,ID_EDIFICIO) values ('40','3.8','4');
Insert into SALONES (ID_SALON,NOMBRE,ID_EDIFICIO) values ('41','2.1','5');
Insert into SALONES (ID_SALON,NOMBRE,ID_EDIFICIO) values ('42','2.2','5');
REM INSERTING into USUARIOS
SET DEFINE OFF;
Insert into USUARIOS (ID_USUARIO,NOMBRE,APELLIDO,SEMESTRE,ID_ROL) values ('1','Ben','Stone','0','2');
Insert into USUARIOS (ID_USUARIO,NOMBRE,APELLIDO,SEMESTRE,ID_ROL) values ('2','Grace','Stone','0','2');
Insert into USUARIOS (ID_USUARIO,NOMBRE,APELLIDO,SEMESTRE,ID_ROL) values ('3','Mikaela','Stone','0','2');
Insert into USUARIOS (ID_USUARIO,NOMBRE,APELLIDO,SEMESTRE,ID_ROL) values ('4','Jared','Vásquez','0','2');
Insert into USUARIOS (ID_USUARIO,NOMBRE,APELLIDO,SEMESTRE,ID_ROL) values ('5','Zeke','Landon','0','2');
Insert into USUARIOS (ID_USUARIO,NOMBRE,APELLIDO,SEMESTRE,ID_ROL) values ('6','Saanvi','Bahl','0','2');
Insert into USUARIOS (ID_USUARIO,NOMBRE,APELLIDO,SEMESTRE,ID_ROL) values ('7','Ulrich','Nielsen','0','2');
Insert into USUARIOS (ID_USUARIO,NOMBRE,APELLIDO,SEMESTRE,ID_ROL) values ('8','Charlotte','Doppler','0','2');
Insert into USUARIOS (ID_USUARIO,NOMBRE,APELLIDO,SEMESTRE,ID_ROL) values ('9','Claudia','Tiedemann','0','2');
Insert into USUARIOS (ID_USUARIO,NOMBRE,APELLIDO,SEMESTRE,ID_ROL) values ('10','Robert','Vance','0','2');
Insert into USUARIOS (ID_USUARIO,NOMBRE,APELLIDO,SEMESTRE,ID_ROL) values ('11','Olive','Stone','5','1');
Insert into USUARIOS (ID_USUARIO,NOMBRE,APELLIDO,SEMESTRE,ID_ROL) values ('12','Cal','Stone','1','1');
Insert into USUARIOS (ID_USUARIO,NOMBRE,APELLIDO,SEMESTRE,ID_ROL) values ('13','Angelina','Meyer','5','1');
Insert into USUARIOS (ID_USUARIO,NOMBRE,APELLIDO,SEMESTRE,ID_ROL) values ('14','Jonas','Kahnwald','5','1');
Insert into USUARIOS (ID_USUARIO,NOMBRE,APELLIDO,SEMESTRE,ID_ROL) values ('15','Martha','Nielsen','5','1');
Insert into USUARIOS (ID_USUARIO,NOMBRE,APELLIDO,SEMESTRE,ID_ROL) values ('16','Bartosz','Tiedemann','5','1');
Insert into USUARIOS (ID_USUARIO,NOMBRE,APELLIDO,SEMESTRE,ID_ROL) values ('17','Franziska','Doppler','5','1');
Insert into USUARIOS (ID_USUARIO,NOMBRE,APELLIDO,SEMESTRE,ID_ROL) values ('18','Elisabeth','Doppler','1','1');
Insert into USUARIOS (ID_USUARIO,NOMBRE,APELLIDO,SEMESTRE,ID_ROL) values ('19','Magnus','Nielsen','6','1');
Insert into USUARIOS (ID_USUARIO,NOMBRE,APELLIDO,SEMESTRE,ID_ROL) values ('20','Mads','Nielsen','2','1');
--------------------------------------------------------
--  DDL for Index EDIFICIOS_PK
--------------------------------------------------------

  CREATE UNIQUE INDEX "EDIFICIOS_PK" ON "EDIFICIOS" ("ID_EDIFICIO") 
  PCTFREE 10 INITRANS 2 MAXTRANS 255 COMPUTE STATISTICS 
  STORAGE(INITIAL 65536 NEXT 1048576 MINEXTENTS 1 MAXEXTENTS 2147483645
  PCTINCREASE 0 FREELISTS 1 FREELIST GROUPS 1
  BUFFER_POOL DEFAULT FLASH_CACHE DEFAULT CELL_FLASH_CACHE DEFAULT)
  TABLESPACE "USERS" ;
--------------------------------------------------------
--  DDL for Index CURSOS_CARRERAS_PK
--------------------------------------------------------

  CREATE UNIQUE INDEX "CURSOS_CARRERAS_PK" ON "CURSOS_CARRERAS" ("ID_CURSO", "ID_CARRERA") 
  PCTFREE 10 INITRANS 2 MAXTRANS 255 COMPUTE STATISTICS 
  STORAGE(INITIAL 65536 NEXT 1048576 MINEXTENTS 1 MAXEXTENTS 2147483645
  PCTINCREASE 0 FREELISTS 1 FREELIST GROUPS 1
  BUFFER_POOL DEFAULT FLASH_CACHE DEFAULT CELL_FLASH_CACHE DEFAULT)
  TABLESPACE "USERS" ;
--------------------------------------------------------
--  DDL for Index CURSOS_ESTUDIANTES_PK
--------------------------------------------------------

  CREATE UNIQUE INDEX "CURSOS_ESTUDIANTES_PK" ON "CURSOS_ESTUDIANTES" ("ID_CALENDARIO", "ID_USUARIO") 
  PCTFREE 10 INITRANS 2 MAXTRANS 255 COMPUTE STATISTICS 
  STORAGE(INITIAL 65536 NEXT 1048576 MINEXTENTS 1 MAXEXTENTS 2147483645
  PCTINCREASE 0 FREELISTS 1 FREELIST GROUPS 1
  BUFFER_POOL DEFAULT FLASH_CACHE DEFAULT CELL_FLASH_CACHE DEFAULT)
  TABLESPACE "USERS" ;
--------------------------------------------------------
--  DDL for Index ROLES_PK
--------------------------------------------------------

  CREATE UNIQUE INDEX "ROLES_PK" ON "ROLES" ("ID_ROL") 
  PCTFREE 10 INITRANS 2 MAXTRANS 255 COMPUTE STATISTICS 
  STORAGE(INITIAL 65536 NEXT 1048576 MINEXTENTS 1 MAXEXTENTS 2147483645
  PCTINCREASE 0 FREELISTS 1 FREELIST GROUPS 1
  BUFFER_POOL DEFAULT FLASH_CACHE DEFAULT CELL_FLASH_CACHE DEFAULT)
  TABLESPACE "USERS" ;
--------------------------------------------------------
--  DDL for Index CURSOS_PK
--------------------------------------------------------

  CREATE UNIQUE INDEX "CURSOS_PK" ON "CURSOS" ("ID_CURSO") 
  PCTFREE 10 INITRANS 2 MAXTRANS 255 COMPUTE STATISTICS 
  STORAGE(INITIAL 65536 NEXT 1048576 MINEXTENTS 1 MAXEXTENTS 2147483645
  PCTINCREASE 0 FREELISTS 1 FREELIST GROUPS 1
  BUFFER_POOL DEFAULT FLASH_CACHE DEFAULT CELL_FLASH_CACHE DEFAULT)
  TABLESPACE "USERS" ;
--------------------------------------------------------
--  DDL for Index CARRERAS_PK
--------------------------------------------------------

  CREATE UNIQUE INDEX "CARRERAS_PK" ON "CARRERAS" ("ID_CARRERA") 
  PCTFREE 10 INITRANS 2 MAXTRANS 255 COMPUTE STATISTICS 
  STORAGE(INITIAL 65536 NEXT 1048576 MINEXTENTS 1 MAXEXTENTS 2147483645
  PCTINCREASE 0 FREELISTS 1 FREELIST GROUPS 1
  BUFFER_POOL DEFAULT FLASH_CACHE DEFAULT CELL_FLASH_CACHE DEFAULT)
  TABLESPACE "USERS" ;
--------------------------------------------------------
--  DDL for Index FACULTADES_PK
--------------------------------------------------------

  CREATE UNIQUE INDEX "FACULTADES_PK" ON "FACULTADES" ("ID_FACULTAD") 
  PCTFREE 10 INITRANS 2 MAXTRANS 255 COMPUTE STATISTICS 
  STORAGE(INITIAL 65536 NEXT 1048576 MINEXTENTS 1 MAXEXTENTS 2147483645
  PCTINCREASE 0 FREELISTS 1 FREELIST GROUPS 1
  BUFFER_POOL DEFAULT FLASH_CACHE DEFAULT CELL_FLASH_CACHE DEFAULT)
  TABLESPACE "USERS" ;
--------------------------------------------------------
--  DDL for Index CARRERAS_ESTUDIANTES_PK
--------------------------------------------------------

  CREATE UNIQUE INDEX "CARRERAS_ESTUDIANTES_PK" ON "CARRERAS_ESTUDIANTES" ("ID_CARRERA", "ID_USUARIO") 
  PCTFREE 10 INITRANS 2 MAXTRANS 255 COMPUTE STATISTICS 
  STORAGE(INITIAL 65536 NEXT 1048576 MINEXTENTS 1 MAXEXTENTS 2147483645
  PCTINCREASE 0 FREELISTS 1 FREELIST GROUPS 1
  BUFFER_POOL DEFAULT FLASH_CACHE DEFAULT CELL_FLASH_CACHE DEFAULT)
  TABLESPACE "USERS" ;
--------------------------------------------------------
--  DDL for Index SALONES_PK
--------------------------------------------------------

  CREATE UNIQUE INDEX "SALONES_PK" ON "SALONES" ("ID_SALON") 
  PCTFREE 10 INITRANS 2 MAXTRANS 255 COMPUTE STATISTICS 
  STORAGE(INITIAL 65536 NEXT 1048576 MINEXTENTS 1 MAXEXTENTS 2147483645
  PCTINCREASE 0 FREELISTS 1 FREELIST GROUPS 1
  BUFFER_POOL DEFAULT FLASH_CACHE DEFAULT CELL_FLASH_CACHE DEFAULT)
  TABLESPACE "USERS" ;
--------------------------------------------------------
--  DDL for Index TABLE1_PK
--------------------------------------------------------

  CREATE UNIQUE INDEX "TABLE1_PK" ON "CALENDARIO_CURSOS" ("ID_CALENDARIO") 
  PCTFREE 10 INITRANS 2 MAXTRANS 255 COMPUTE STATISTICS 
  STORAGE(INITIAL 65536 NEXT 1048576 MINEXTENTS 1 MAXEXTENTS 2147483645
  PCTINCREASE 0 FREELISTS 1 FREELIST GROUPS 1
  BUFFER_POOL DEFAULT FLASH_CACHE DEFAULT CELL_FLASH_CACHE DEFAULT)
  TABLESPACE "USERS" ;
--------------------------------------------------------
--  DDL for Index USUARIOS_PK
--------------------------------------------------------

  CREATE UNIQUE INDEX "USUARIOS_PK" ON "USUARIOS" ("ID_USUARIO") 
  PCTFREE 10 INITRANS 2 MAXTRANS 255 COMPUTE STATISTICS 
  STORAGE(INITIAL 65536 NEXT 1048576 MINEXTENTS 1 MAXEXTENTS 2147483645
  PCTINCREASE 0 FREELISTS 1 FREELIST GROUPS 1
  BUFFER_POOL DEFAULT FLASH_CACHE DEFAULT CELL_FLASH_CACHE DEFAULT)
  TABLESPACE "USERS" ;
--------------------------------------------------------
--  Constraints for Table CARRERAS_ESTUDIANTES
--------------------------------------------------------

  ALTER TABLE "CARRERAS_ESTUDIANTES" MODIFY ("ID_CARRERA" NOT NULL ENABLE);
  ALTER TABLE "CARRERAS_ESTUDIANTES" MODIFY ("ID_USUARIO" NOT NULL ENABLE);
  ALTER TABLE "CARRERAS_ESTUDIANTES" ADD CONSTRAINT "CARRERAS_ESTUDIANTES_PK" PRIMARY KEY ("ID_CARRERA", "ID_USUARIO")
  USING INDEX PCTFREE 10 INITRANS 2 MAXTRANS 255 COMPUTE STATISTICS 
  STORAGE(INITIAL 65536 NEXT 1048576 MINEXTENTS 1 MAXEXTENTS 2147483645
  PCTINCREASE 0 FREELISTS 1 FREELIST GROUPS 1
  BUFFER_POOL DEFAULT FLASH_CACHE DEFAULT CELL_FLASH_CACHE DEFAULT)
  TABLESPACE "USERS"  ENABLE;
--------------------------------------------------------
--  Constraints for Table CURSOS_ESTUDIANTES
--------------------------------------------------------

  ALTER TABLE "CURSOS_ESTUDIANTES" MODIFY ("ID_CALENDARIO" NOT NULL ENABLE);
  ALTER TABLE "CURSOS_ESTUDIANTES" MODIFY ("ID_USUARIO" NOT NULL ENABLE);
  ALTER TABLE "CURSOS_ESTUDIANTES" ADD CONSTRAINT "CURSOS_ESTUDIANTES_PK" PRIMARY KEY ("ID_CALENDARIO", "ID_USUARIO")
  USING INDEX PCTFREE 10 INITRANS 2 MAXTRANS 255 COMPUTE STATISTICS 
  STORAGE(INITIAL 65536 NEXT 1048576 MINEXTENTS 1 MAXEXTENTS 2147483645
  PCTINCREASE 0 FREELISTS 1 FREELIST GROUPS 1
  BUFFER_POOL DEFAULT FLASH_CACHE DEFAULT CELL_FLASH_CACHE DEFAULT)
  TABLESPACE "USERS"  ENABLE;
--------------------------------------------------------
--  Constraints for Table CALENDARIO_CURSOS
--------------------------------------------------------

  ALTER TABLE "CALENDARIO_CURSOS" MODIFY ("ID_CALENDARIO" NOT NULL ENABLE);
  ALTER TABLE "CALENDARIO_CURSOS" MODIFY ("DIA" NOT NULL ENABLE);
  ALTER TABLE "CALENDARIO_CURSOS" MODIFY ("HORA_INICIO" NOT NULL ENABLE);
  ALTER TABLE "CALENDARIO_CURSOS" MODIFY ("HORA_FIN" NOT NULL ENABLE);
  ALTER TABLE "CALENDARIO_CURSOS" MODIFY ("CUPO" NOT NULL ENABLE);
  ALTER TABLE "CALENDARIO_CURSOS" MODIFY ("ID_CURSO" NOT NULL ENABLE);
  ALTER TABLE "CALENDARIO_CURSOS" MODIFY ("ID_SALON" NOT NULL ENABLE);
  ALTER TABLE "CALENDARIO_CURSOS" MODIFY ("ID_PROFESOR" NOT NULL ENABLE);
  ALTER TABLE "CALENDARIO_CURSOS" ADD CONSTRAINT "TABLE1_PK" PRIMARY KEY ("ID_CALENDARIO")
  USING INDEX PCTFREE 10 INITRANS 2 MAXTRANS 255 COMPUTE STATISTICS 
  STORAGE(INITIAL 65536 NEXT 1048576 MINEXTENTS 1 MAXEXTENTS 2147483645
  PCTINCREASE 0 FREELISTS 1 FREELIST GROUPS 1
  BUFFER_POOL DEFAULT FLASH_CACHE DEFAULT CELL_FLASH_CACHE DEFAULT)
  TABLESPACE "USERS"  ENABLE;
--------------------------------------------------------
--  Constraints for Table ROLES
--------------------------------------------------------

  ALTER TABLE "ROLES" MODIFY ("ID_ROL" NOT NULL ENABLE);
  ALTER TABLE "ROLES" MODIFY ("NOMBRE" NOT NULL ENABLE);
  ALTER TABLE "ROLES" ADD CONSTRAINT "ROLES_PK" PRIMARY KEY ("ID_ROL")
  USING INDEX PCTFREE 10 INITRANS 2 MAXTRANS 255 COMPUTE STATISTICS 
  STORAGE(INITIAL 65536 NEXT 1048576 MINEXTENTS 1 MAXEXTENTS 2147483645
  PCTINCREASE 0 FREELISTS 1 FREELIST GROUPS 1
  BUFFER_POOL DEFAULT FLASH_CACHE DEFAULT CELL_FLASH_CACHE DEFAULT)
  TABLESPACE "USERS"  ENABLE;
--------------------------------------------------------
--  Constraints for Table SALONES
--------------------------------------------------------

  ALTER TABLE "SALONES" MODIFY ("ID_SALON" NOT NULL ENABLE);
  ALTER TABLE "SALONES" MODIFY ("NOMBRE" NOT NULL ENABLE);
  ALTER TABLE "SALONES" ADD CONSTRAINT "SALONES_PK" PRIMARY KEY ("ID_SALON")
  USING INDEX PCTFREE 10 INITRANS 2 MAXTRANS 255 COMPUTE STATISTICS 
  STORAGE(INITIAL 65536 NEXT 1048576 MINEXTENTS 1 MAXEXTENTS 2147483645
  PCTINCREASE 0 FREELISTS 1 FREELIST GROUPS 1
  BUFFER_POOL DEFAULT FLASH_CACHE DEFAULT CELL_FLASH_CACHE DEFAULT)
  TABLESPACE "USERS"  ENABLE;
--------------------------------------------------------
--  Constraints for Table USUARIOS
--------------------------------------------------------

  ALTER TABLE "USUARIOS" MODIFY ("ID_USUARIO" NOT NULL ENABLE);
  ALTER TABLE "USUARIOS" MODIFY ("NOMBRE" NOT NULL ENABLE);
  ALTER TABLE "USUARIOS" MODIFY ("APELLIDO" NOT NULL ENABLE);
  ALTER TABLE "USUARIOS" MODIFY ("SEMESTRE" NOT NULL ENABLE);
  ALTER TABLE "USUARIOS" MODIFY ("ID_ROL" NOT NULL ENABLE);
  ALTER TABLE "USUARIOS" ADD CONSTRAINT "USUARIOS_PK" PRIMARY KEY ("ID_USUARIO")
  USING INDEX PCTFREE 10 INITRANS 2 MAXTRANS 255 COMPUTE STATISTICS 
  STORAGE(INITIAL 65536 NEXT 1048576 MINEXTENTS 1 MAXEXTENTS 2147483645
  PCTINCREASE 0 FREELISTS 1 FREELIST GROUPS 1
  BUFFER_POOL DEFAULT FLASH_CACHE DEFAULT CELL_FLASH_CACHE DEFAULT)
  TABLESPACE "USERS"  ENABLE;
--------------------------------------------------------
--  Constraints for Table CURSOS_CARRERAS
--------------------------------------------------------

  ALTER TABLE "CURSOS_CARRERAS" MODIFY ("ID_CURSO" NOT NULL ENABLE);
  ALTER TABLE "CURSOS_CARRERAS" MODIFY ("ID_CARRERA" NOT NULL ENABLE);
  ALTER TABLE "CURSOS_CARRERAS" MODIFY ("SEMESTRE" NOT NULL ENABLE);
  ALTER TABLE "CURSOS_CARRERAS" ADD CONSTRAINT "CURSOS_CARRERAS_PK" PRIMARY KEY ("ID_CURSO", "ID_CARRERA")
  USING INDEX PCTFREE 10 INITRANS 2 MAXTRANS 255 COMPUTE STATISTICS 
  STORAGE(INITIAL 65536 NEXT 1048576 MINEXTENTS 1 MAXEXTENTS 2147483645
  PCTINCREASE 0 FREELISTS 1 FREELIST GROUPS 1
  BUFFER_POOL DEFAULT FLASH_CACHE DEFAULT CELL_FLASH_CACHE DEFAULT)
  TABLESPACE "USERS"  ENABLE;
--------------------------------------------------------
--  Constraints for Table EDIFICIOS
--------------------------------------------------------

  ALTER TABLE "EDIFICIOS" MODIFY ("ID_EDIFICIO" NOT NULL ENABLE);
  ALTER TABLE "EDIFICIOS" MODIFY ("NOMBRE" NOT NULL ENABLE);
  ALTER TABLE "EDIFICIOS" ADD CONSTRAINT "EDIFICIOS_PK" PRIMARY KEY ("ID_EDIFICIO")
  USING INDEX PCTFREE 10 INITRANS 2 MAXTRANS 255 COMPUTE STATISTICS 
  STORAGE(INITIAL 65536 NEXT 1048576 MINEXTENTS 1 MAXEXTENTS 2147483645
  PCTINCREASE 0 FREELISTS 1 FREELIST GROUPS 1
  BUFFER_POOL DEFAULT FLASH_CACHE DEFAULT CELL_FLASH_CACHE DEFAULT)
  TABLESPACE "USERS"  ENABLE;
--------------------------------------------------------
--  Constraints for Table FACULTADES
--------------------------------------------------------

  ALTER TABLE "FACULTADES" MODIFY ("ID_FACULTAD" NOT NULL ENABLE);
  ALTER TABLE "FACULTADES" MODIFY ("NOMBRE" NOT NULL ENABLE);
  ALTER TABLE "FACULTADES" ADD CONSTRAINT "FACULTADES_PK" PRIMARY KEY ("ID_FACULTAD")
  USING INDEX PCTFREE 10 INITRANS 2 MAXTRANS 255 COMPUTE STATISTICS 
  STORAGE(INITIAL 65536 NEXT 1048576 MINEXTENTS 1 MAXEXTENTS 2147483645
  PCTINCREASE 0 FREELISTS 1 FREELIST GROUPS 1
  BUFFER_POOL DEFAULT FLASH_CACHE DEFAULT CELL_FLASH_CACHE DEFAULT)
  TABLESPACE "USERS"  ENABLE;
--------------------------------------------------------
--  Constraints for Table CARRERAS
--------------------------------------------------------

  ALTER TABLE "CARRERAS" MODIFY ("ID_CARRERA" NOT NULL ENABLE);
  ALTER TABLE "CARRERAS" MODIFY ("NOMBRE" NOT NULL ENABLE);
  ALTER TABLE "CARRERAS" ADD CONSTRAINT "CARRERAS_PK" PRIMARY KEY ("ID_CARRERA")
  USING INDEX PCTFREE 10 INITRANS 2 MAXTRANS 255 COMPUTE STATISTICS 
  STORAGE(INITIAL 65536 NEXT 1048576 MINEXTENTS 1 MAXEXTENTS 2147483645
  PCTINCREASE 0 FREELISTS 1 FREELIST GROUPS 1
  BUFFER_POOL DEFAULT FLASH_CACHE DEFAULT CELL_FLASH_CACHE DEFAULT)
  TABLESPACE "USERS"  ENABLE;
  ALTER TABLE "CARRERAS" MODIFY ("ID_FACULTAD" NOT NULL ENABLE);
--------------------------------------------------------
--  Constraints for Table CURSOS
--------------------------------------------------------

  ALTER TABLE "CURSOS" MODIFY ("ID_CURSO" NOT NULL ENABLE);
  ALTER TABLE "CURSOS" MODIFY ("NOMBRE" NOT NULL ENABLE);
  ALTER TABLE "CURSOS" ADD CONSTRAINT "CURSOS_PK" PRIMARY KEY ("ID_CURSO")
  USING INDEX PCTFREE 10 INITRANS 2 MAXTRANS 255 COMPUTE STATISTICS 
  STORAGE(INITIAL 65536 NEXT 1048576 MINEXTENTS 1 MAXEXTENTS 2147483645
  PCTINCREASE 0 FREELISTS 1 FREELIST GROUPS 1
  BUFFER_POOL DEFAULT FLASH_CACHE DEFAULT CELL_FLASH_CACHE DEFAULT)
  TABLESPACE "USERS"  ENABLE;
--------------------------------------------------------
--  Ref Constraints for Table CALENDARIO_CURSOS
--------------------------------------------------------

  ALTER TABLE "CALENDARIO_CURSOS" ADD CONSTRAINT "CURSOS_FK2" FOREIGN KEY ("ID_CURSO")
	  REFERENCES "CURSOS" ("ID_CURSO") ENABLE;
  ALTER TABLE "CALENDARIO_CURSOS" ADD CONSTRAINT "SALONES_FK" FOREIGN KEY ("ID_SALON")
	  REFERENCES "SALONES" ("ID_SALON") ENABLE;
  ALTER TABLE "CALENDARIO_CURSOS" ADD CONSTRAINT "USUARIOS_FK3" FOREIGN KEY ("ID_PROFESOR")
	  REFERENCES "USUARIOS" ("ID_USUARIO") ENABLE;
--------------------------------------------------------
--  Ref Constraints for Table CARRERAS
--------------------------------------------------------

  ALTER TABLE "CARRERAS" ADD CONSTRAINT "FACULTADES_FK2" FOREIGN KEY ("ID_FACULTAD")
	  REFERENCES "FACULTADES" ("ID_FACULTAD") ENABLE;
--------------------------------------------------------
--  Ref Constraints for Table CARRERAS_ESTUDIANTES
--------------------------------------------------------

  ALTER TABLE "CARRERAS_ESTUDIANTES" ADD CONSTRAINT "CARRERAS_FK" FOREIGN KEY ("ID_CARRERA")
	  REFERENCES "CARRERAS" ("ID_CARRERA") ENABLE;
  ALTER TABLE "CARRERAS_ESTUDIANTES" ADD CONSTRAINT "USUARIOS_FK" FOREIGN KEY ("ID_USUARIO")
	  REFERENCES "USUARIOS" ("ID_USUARIO") ENABLE;
--------------------------------------------------------
--  Ref Constraints for Table CURSOS
--------------------------------------------------------

  ALTER TABLE "CURSOS" ADD CONSTRAINT "FACULTADES_FK" FOREIGN KEY ("ID_FACULTAD")
	  REFERENCES "FACULTADES" ("ID_FACULTAD") ENABLE;
--------------------------------------------------------
--  Ref Constraints for Table CURSOS_CARRERAS
--------------------------------------------------------

  ALTER TABLE "CURSOS_CARRERAS" ADD CONSTRAINT "CURSOS_FK" FOREIGN KEY ("ID_CURSO")
	  REFERENCES "CURSOS" ("ID_CURSO") ENABLE;
  ALTER TABLE "CURSOS_CARRERAS" ADD CONSTRAINT "CARRERAS_FK2" FOREIGN KEY ("ID_CARRERA")
	  REFERENCES "CARRERAS" ("ID_CARRERA") ENABLE;
--------------------------------------------------------
--  Ref Constraints for Table CURSOS_ESTUDIANTES
--------------------------------------------------------

  ALTER TABLE "CURSOS_ESTUDIANTES" ADD CONSTRAINT "USUARIOS_FK2" FOREIGN KEY ("ID_USUARIO")
	  REFERENCES "USUARIOS" ("ID_USUARIO") ENABLE;
  ALTER TABLE "CURSOS_ESTUDIANTES" ADD CONSTRAINT "CALENDARIO_FK" FOREIGN KEY ("ID_CALENDARIO")
	  REFERENCES "CALENDARIO_CURSOS" ("ID_CALENDARIO") ENABLE;
--------------------------------------------------------
--  Ref Constraints for Table SALONES
--------------------------------------------------------

  ALTER TABLE "SALONES" ADD CONSTRAINT "EDIFICIOS_FK" FOREIGN KEY ("ID_EDIFICIO")
	  REFERENCES "EDIFICIOS" ("ID_EDIFICIO") ENABLE;
--------------------------------------------------------
--  Ref Constraints for Table USUARIOS
--------------------------------------------------------

  ALTER TABLE "USUARIOS" ADD CONSTRAINT "ROLES_FK" FOREIGN KEY ("ID_ROL")
	  REFERENCES "ROLES" ("ID_ROL") ENABLE;
